transaction_id,booking_datetime,debit_cny,credit_cny,post_transaction_balance_cny
synb1_txn_2c5390cdaca7da19f5e37dbd,2025-01-01T09:00:00,0.00,3600000.00,3600000.00
synb1_txn_18e10041a0a4addec94d6841,2025-01-03T09:00:00,60000.00,0.00,3540000.00
synb1_txn_1d7e09db02a49925faa4b5cb,2025-01-03T09:00:00,43369.55,0.00,3496630.45
synb1_txn_7d3457f9be905fcc35295499,2025-01-07T09:00:00,153427.96,0.00,3343202.49
synb1_txn_6547040720909aebf1595291,2025-01-16T09:00:00,16498.98,0.00,3326703.51
synb1_txn_79a0ee9e16b03421d09123ae,2025-01-16T09:00:00,9788.86,0.00,3316914.65
synb1_txn_f9326de247b824333b2edb3c,2025-01-17T15:00:00,0.00,63000.00,3379914.65
synb1_txn_83390d2287d34788a31f05f5,2025-01-18T15:00:00,0.00,41185.34,3421099.99
synb1_txn_17426d2e70ce9e04a7d2d14f,2025-01-19T09:00:00,15467.80,0.00,3405632.19
synb1_txn_0a5290b67c2807b4efad680b,2025-01-19T09:00:00,13459.70,0.00,3392172.49
synb1_txn_8f3e622d56f7c51d5e760bcd,2025-01-19T15:00:00,0.00,35186.17,3427358.66
synb1_txn_18b45903d777f75d142e5af7,2025-01-20T09:00:00,45695.47,0.00,3381663.19
synb1_txn_4b8a7afbf0528f8b18004ba3,2025-01-21T15:00:00,0.00,56000.00,3437663.19
synb1_txn_c8f23acc0030cde07a591575,2025-01-22T15:00:00,0.00,74133.62,3511796.81
synb1_txn_403e9eb7efacd31b1c710021,2025-01-23T09:00:00,24050.26,0.00,3487746.55
synb1_txn_b87da1b883d152f0353f0454,2025-01-23T15:00:00,0.00,23457.44,3511203.99
synb1_txn_9c9bdd7c989133dae6fcd8c5,2025-01-24T15:00:00,0.00,56736.84,3567940.83
synb1_txn_84633d8fb5adf49dd052346e,2025-01-25T09:00:00,65548.07,0.00,3502392.76
synb1_txn_0a9297a3622c126bb96af950,2025-01-25T09:00:00,19979.23,0.00,3482413.53
synb1_txn_3d5e8a36146dcccdef199123,2025-01-25T15:00:00,0.00,28000.00,3510413.53
synb1_txn_d5883f76964c8656991e00c7,2025-01-26T09:00:00,32308.67,0.00,3478104.86
synb1_txn_d41cb61ec073f346f68cc2a6,2025-01-26T15:00:00,0.00,43931.04,3522035.90
synb1_txn_7a3adf39c42b5ecb93b8e5f2,2025-01-27T15:00:00,0.00,51606.39,3573642.29
synb1_txn_b7c3d8af2404ac78da7ea19b,2025-01-28T09:00:00,47742.59,0.00,3525899.70
synb1_txn_eca0a27b48cb7a709e96369b,2025-01-28T09:00:00,11987.55,0.00,3513912.15
synb1_txn_168e31234d4842c654291887,2025-01-28T15:00:00,0.00,99289.47,3613201.62
synb1_txn_5a839fa7451cb380b4b95997,2025-01-29T09:00:00,28718.82,0.00,3584482.80
synb1_txn_fe66579b801d35e90c4b0f79,2025-01-31T09:00:00,19097.04,0.00,3565385.76
synb1_txn_75d81d7a81b000ffaf93fe89,2025-02-01T15:00:00,0.00,113473.69,3678859.45
synb1_txn_547ef9b75af47437a1f83065,2025-02-02T09:00:00,34872.84,0.00,3643986.61
synb1_txn_be3fd8a32728f8ac90b2e1f1,2025-02-03T09:00:00,43369.55,0.00,3600617.06
synb1_txn_d229c5b26b77fa2aacc52eb8,2025-02-03T09:00:00,22318.62,0.00,3578298.44
synb1_txn_e47471a5044a50cad5c63871,2025-02-05T09:00:00,40685.00,0.00,3537613.44
synb1_txn_3d2035a1d57e0b7e9cb22a07,2025-02-06T09:00:00,24178.51,0.00,3513434.93
synb1_txn_9500269857988e4aac63beae,2025-02-07T09:00:00,153427.96,0.00,3360006.97
synb1_txn_d51b332f9338ef6a65455450,2025-02-10T09:00:00,26825.26,0.00,3333181.71
synb1_txn_8d48364adfb341eb3ab9b442,2025-02-12T09:00:00,15442.17,0.00,3317739.54
synb1_txn_569229987926ceea8f997c58,2025-02-13T09:00:00,20118.96,0.00,3297620.58
synb1_txn_d4cd844d3928e8fe5b2c2a4a,2025-02-15T09:00:00,23678.01,0.00,3273942.57
synb1_txn_17c17be33fab8aa0a58f9e78,2025-02-22T09:00:00,14740.93,0.00,3259201.64
synb1_txn_b0411cc605cd6dd99b7ef98a,2025-02-23T09:00:00,22037.70,0.00,3237163.94
synb1_txn_bd38df02042b2a76698673f5,2025-02-23T15:00:00,0.00,59807.62,3296971.56
synb1_txn_fc65af70ec559c6a2cdddbd6,2025-02-23T15:00:00,0.00,23148.61,3320120.17
synb1_txn_07d477287f9b9870bc91ad7e,2025-02-25T09:00:00,65548.07,0.00,3254572.10
synb1_txn_b44f932497206c0e50356022,2025-02-25T09:00:00,19163.23,0.00,3235408.87
synb1_txn_eaea25ba4aa4f7691ba16d70,2025-02-26T09:00:00,45770.62,0.00,3189638.25
synb1_txn_f131f25caba0cbcae39e26ec,2025-02-27T09:00:00,35621.62,0.00,3154016.63
synb1_txn_db1e4986eb0bc468351d5e78,2025-02-27T15:00:00,0.00,39004.97,3193021.60
synb1_txn_30850d7ae7a71b399aba9862,2025-02-27T15:00:00,0.00,73719.40,3266741.00
synb1_txn_8256cb410b901ffd221c25bb,2025-02-27T15:00:00,0.00,26709.93,3293450.93
synb1_txn_8785c9aa28942cad2fec4606,2025-02-28T09:00:00,1634.25,0.00,3291816.68
synb1_txn_a8898ccad3c7e61a0c2afa9f,2025-02-28T09:00:00,6860.00,0.00,3284956.68
synb1_txn_94528ede9d2a796fbe0d5c70,2025-02-28T09:00:00,823.20,0.00,3284133.48
synb1_txn_b83a1a176ea46d0ed68b1c66,2025-03-01T09:00:00,7355.93,0.00,3276777.55
synb1_txn_8ae9aae4c5ee77400242b7b7,2025-03-01T09:00:00,30756.58,0.00,3246020.97
synb1_txn_af86f3b343bbd1f289ca0053,2025-03-02T09:00:00,37402.72,0.00,3208618.25
synb1_txn_253335467585aef971757834,2025-03-03T09:00:00,43369.55,0.00,3165248.70
synb1_txn_63d7dd3fc9537201e4a6b154,2025-03-03T15:00:00,0.00,65008.30,3230257.00
synb1_txn_5cb9e33eb05dcb06c27f024e,2025-03-03T15:00:00,0.00,47917.61,3278174.61
synb1_txn_5c1c25b1675f32ecf01f2192,2025-03-03T15:00:00,0.00,32051.93,3310226.54
synb1_txn_c863ed0beeafac0160633ce8,2025-03-04T09:00:00,18724.19,0.00,3291502.35
synb1_txn_faa162e066662176168bb96e,2025-03-04T09:00:00,18795.69,0.00,3272706.66
synb1_txn_8b8cfd9a42c24457d76894bd,2025-03-06T09:00:00,38226.00,0.00,3234480.66
synb1_txn_ebed39f5b05918dcd17b4a95,2025-03-07T09:00:00,153427.96,0.00,3081052.70
synb1_txn_eee1f8fc95aea0a6e37ace14,2025-03-07T15:00:00,0.00,62661.49,3143714.19
synb1_txn_78c24917357933e46fda265f,2025-03-09T09:00:00,32190.33,0.00,3111523.86
synb1_txn_7392b87fb8a45994ef9039f8,2025-03-09T15:00:00,0.00,29365.03,3140888.89
synb1_txn_3bbf662a8aa2c2bee7f577f7,2025-03-12T15:00:00,0.00,109701.48,3250590.37
synb1_txn_936124c5fd88924bb031aa7a,2025-03-13T15:00:00,0.00,29365.03,3279955.40
synb1_txn_a97a891c3f299e898f706631,2025-03-14T09:00:00,27889.52,0.00,3252065.88
synb1_txn_1a3a21e7abd43715e42db83d,2025-03-16T15:00:00,0.00,85323.38,3337389.26
synb1_txn_39529c0832f3739971d4e33d,2025-03-17T09:00:00,20380.81,0.00,3317008.45
synb1_txn_15956ec37747ac48fd59c5ae,2025-03-17T15:00:00,0.00,35890.62,3352899.07
synb1_txn_5d07fa00e2388b809ff98553,2025-03-18T09:00:00,19537.98,0.00,3333361.09
synb1_txn_8318dfc827339775d8114dba,2025-03-20T15:00:00,0.00,60945.28,3394306.37
synb1_txn_7c938ac5d142f3f3e726c774,2025-03-21T09:00:00,24135.17,0.00,3370171.20
synb1_txn_4c60c01b8617d157208907d0,2025-03-22T09:00:00,12097.83,0.00,3358073.37
synb1_txn_9573fb9aff51bbe935940186,2025-03-23T09:00:00,26269.56,0.00,3331803.81
synb1_txn_f11f7da2808077901af19475,2025-03-24T15:00:00,0.00,42053.64,3373857.45
synb1_txn_fb54a1e602debc706930f4a5,2025-03-25T09:00:00,65548.07,0.00,3308309.38
synb1_txn_a28e66719d6a35a1f2848560,2025-03-25T09:00:00,33873.95,0.00,3274435.43
synb1_txn_dbf2cca1af3fd143078636e6,2025-03-26T09:00:00,41834.28,0.00,3232601.15
synb1_txn_b249c1322686c4fc98e2e26b,2025-03-26T09:00:00,19702.18,0.00,3212898.97
synb1_txn_d12b7b561107de9d83e44c30,2025-03-28T09:00:00,1634.25,0.00,3211264.72
synb1_txn_7e90a478250ed1026c2d5fe9,2025-03-28T09:00:00,6860.00,0.00,3204404.72
synb1_txn_43eb1ac221fddae44f1b1251,2025-03-28T09:00:00,823.20,0.00,3203581.52
synb1_txn_ed76694535d50bbb6b47894b,2025-03-28T15:00:00,0.00,22528.74,3226110.26
synb1_txn_97d6d43304c3cefa59a608a4,2025-03-29T09:00:00,13791.52,0.00,3212318.74
synb1_txn_47cb1f2c43038a67171b7c01,2025-03-29T09:00:00,22526.16,0.00,3189792.58
synb1_txn_0f528748c418578ebe02df4a,2025-03-31T15:00:00,0.00,52876.26,3242668.84
synb1_txn_5c010fc7ae7bcf946bd8e4ad,2025-04-01T09:00:00,17089.49,0.00,3225579.35
synb1_txn_6ca638d38dd7d8eb144974ff,2025-04-01T09:00:00,48270.33,0.00,3177309.02
synb1_txn_6c559363ddf18fe79ce5bfba,2025-04-01T15:00:00,0.00,63150.86,3240459.88
synb1_txn_1b60c007c497afdb9368af5c,2025-04-01T15:00:00,0.00,30038.33,3270498.21
synb1_txn_ba2574fb402e7fc53c2ceefd,2025-04-03T09:00:00,43369.55,0.00,3227128.66
synb1_txn_64b730e7cabe27fd625d651d,2025-04-03T09:00:00,26952.05,0.00,3200176.61
synb1_txn_386e6516f5dfe53590de4fa3,2025-04-04T09:00:00,26583.66,0.00,3173592.95
synb1_txn_6a089870e51e4636dd6ea51d,2025-04-04T15:00:00,0.00,52876.26,3226469.21
synb1_txn_b38e96cb9054d7b31b1365c1,2025-04-05T15:00:00,0.00,92297.41,3318766.62
synb1_txn_b3d7acf063cf3e2ab6c86ff3,2025-04-06T09:00:00,25915.45,0.00,3292851.17
synb1_txn_cc81af0df60e4f9076ae2fdf,2025-04-07T09:00:00,153427.96,0.00,3139423.21
synb1_txn_5eaeba46fe08ff8a7da58465,2025-04-08T15:00:00,0.00,118971.61,3258394.82
synb1_txn_625bdf5f55ceeb4a7ba64eb4,2025-04-09T15:00:00,0.00,116586.21,3374981.03
synb1_txn_85cc3b973621fa26d00f47c9,2025-04-11T15:00:00,0.00,65250.47,3440231.50
synb1_txn_9af99298dd3925c5d68ce604,2025-04-14T15:00:00,0.00,16810.29,3457041.79
synb1_txn_10c662f3e753229b1b74d71a,2025-04-15T15:00:00,0.00,60900.44,3517942.23
synb1_txn_dc0fd07d1fe5a04f8889e371,2025-04-17T09:00:00,39057.59,0.00,3478884.64
synb1_txn_bc6dc1ed1a9f4d9d4dc0b498,2025-04-18T09:00:00,26301.40,0.00,3452583.24
synb1_txn_4f847f982ab64f815ff14adf,2025-04-18T15:00:00,0.00,58836.02,3511419.26
synb1_txn_c42bc4a8f8b800fc661da105,2025-04-19T15:00:00,0.00,39150.29,3550569.55
synb1_txn_72e5827a3308c9a9c71ef5dc,2025-04-20T09:00:00,34476.76,0.00,3516092.79
synb1_txn_3a0d395c13a5970cd4ec2731,2025-04-20T09:00:00,42312.39,0.00,3473780.40
synb1_txn_21a1c2c576a238bd09faa23b,2025-04-21T09:00:00,9863.03,0.00,3463917.37
synb1_txn_6730965229949cd8f62b4762,2025-04-21T09:00:00,39709.96,0.00,3424207.41
synb1_txn_217e00a581856c5d01299b4a,2025-04-22T15:00:00,0.00,48329.61,3472537.02
synb1_txn_0022722321c1e8fe8f584f53,2025-04-23T09:00:00,31824.71,0.00,3440712.31
synb1_txn_0582a716b93f43b2f7edded2,2025-04-23T15:00:00,0.00,97366.43,3538078.74
synb1_txn_f94223588d3a8e12ef737598,2025-04-24T09:00:00,32618.91,0.00,3505459.83
synb1_txn_52665034a9410916668bab95,2025-04-25T09:00:00,65548.07,0.00,3439911.76
synb1_txn_aa6da4ff9c1004fde3f9fd60,2025-04-26T09:00:00,27945.24,0.00,3411966.52
synb1_txn_b58a83f6aa2ad573219b3204,2025-04-27T15:00:00,0.00,42333.23,3454299.75
synb1_txn_4082a481251e9398560139d5,2025-04-28T09:00:00,1634.25,0.00,3452665.50
synb1_txn_2afd78c958941d7eb2ec2ce9,2025-04-28T09:00:00,6860.00,0.00,3445805.50
synb1_txn_14a1055b4e10d47c736ada84,2025-04-28T09:00:00,823.20,0.00,3444982.30
synb1_txn_c6f725195c68e5b1e8af0a27,2025-04-29T09:00:00,26301.41,0.00,3418680.89
synb1_txn_4ab81e69dbd3081104c7642f,2025-04-29T09:00:00,15821.93,0.00,3402858.96
synb1_txn_c27ca1371a64815f76da7a0c,2025-04-29T09:00:00,13561.69,0.00,3389297.27
synb1_txn_1e632dde02dbebee01afffb1,2025-05-01T15:00:00,0.00,87085.51,3476382.78
synb1_txn_d37368eee3e2bce9df798da0,2025-05-01T15:00:00,0.00,33866.60,3510249.38
synb1_txn_3d00b30e4ae67b40ef6b7f56,2025-05-02T09:00:00,11301.39,0.00,3498947.99
synb1_txn_392372f6184a00b195f88553,2025-05-02T09:00:00,24882.36,0.00,3474065.63
synb1_txn_a684be5b1d5aa485e25dbfbe,2025-05-02T09:00:00,13561.69,0.00,3460503.94
synb1_txn_62de078e681a3977675e4b71,2025-05-03T09:00:00,43369.55,0.00,3417134.39
synb1_txn_d741872bc69ea2910d9cafc3,2025-05-05T09:00:00,17309.48,0.00,3399824.91
synb1_txn_a2a2e78d57742cc726bc5e26,2025-05-05T15:00:00,0.00,59871.28,3459696.19
synb1_txn_a2811ada5b4bc27cc103fb4c,2025-05-07T09:00:00,153427.96,0.00,3306268.23
synb1_txn_0269a32208b7e458d62cc14a,2025-05-09T15:00:00,0.00,76199.83,3382468.06
synb1_txn_b398bdce97c8763519fa5aa3,2025-05-11T09:00:00,26964.71,0.00,3355503.35
synb1_txn_a930358b8454fd625b7984c4,2025-05-14T09:00:00,30137.03,0.00,3325366.32
synb1_txn_ee5a758e45e9db644556ae25,2025-05-14T15:00:00,0.00,65717.64,3391083.96
synb1_txn_ae5bea45067e751077adcd36,2025-05-18T09:00:00,20988.28,0.00,3370095.68
synb1_txn_4b538fccdc3ef5e271db07aa,2025-05-18T15:00:00,0.00,41505.88,3411601.56
synb1_txn_fd723a75204c2db7f8744dc2,2025-05-20T09:00:00,11713.17,0.00,3399888.39
synb1_txn_c15142e434be6f68aea27259,2025-05-20T15:00:00,0.00,75276.58,3475164.97
synb1_txn_e6a54bc94fbbc5ed05a84085,2025-05-21T09:00:00,25406.88,0.00,3449758.09
synb1_txn_a2ad697d2c5dac88dc4073de,2025-05-21T15:00:00,0.00,64564.70,3514322.79
synb1_txn_ff9eec639d48985038c273a8,2025-05-22T15:00:00,0.00,38047.06,3552369.85
synb1_txn_ae3a791c2b4017a3550b58f9,2025-05-23T09:00:00,16837.70,0.00,3535532.15
synb1_txn_2bd07abc28d8342cbf5f6a92,2025-05-23T09:00:00,19033.91,0.00,3516498.24
synb1_txn_79fd27b84eb8b41131f051de,2025-05-24T15:00:00,0.00,110933.91,3627432.15
synb1_txn_0802aca623479ba487a27a84,2025-05-25T09:00:00,65548.07,0.00,3561884.08
synb1_txn_2ef85241e16c64abb19e9763,2025-05-25T15:00:00,0.00,70434.22,3632318.30
synb1_txn_814c6f65b602fd4e0330b4de,2025-05-26T09:00:00,13867.56,0.00,3618450.74
synb1_txn_0de8d1b54f07481d583eb840,2025-05-26T09:00:00,8860.61,0.00,3609590.13
synb1_txn_b60ffca78c6ee12df5bab90a,2025-05-26T09:00:00,27361.25,0.00,3582228.88
synb1_txn_b66f7ef243b9ac6bdb222c7b,2025-05-28T09:00:00,1634.25,0.00,3580594.63
synb1_txn_b8f1a02360b2037dda15027c,2025-05-28T09:00:00,6860.00,0.00,3573734.63
synb1_txn_ec6d2e98a2bb1d5be62b3c81,2025-05-28T09:00:00,823.20,0.00,3572911.43
synb1_txn_d32a9727a20d1a7aa42b157b,2025-05-28T15:00:00,0.00,31695.41,3604606.84
synb1_txn_2cb51e0a669fbae8220794ef,2025-05-29T09:00:00,46803.04,0.00,3557803.80
synb1_txn_a222646525d7d6899dea317e,2025-05-29T09:00:00,19690.26,0.00,3538113.54
synb1_txn_8b2eea79775367e5ae91a3b1,2025-05-29T15:00:00,0.00,58695.19,3596808.73
synb1_txn_59f66e67e270870f7ff7ecba,2025-05-30T09:00:00,38681.82,0.00,3558126.91
synb1_txn_da82796d1877f9e176937b83,2025-06-02T09:00:00,61246.23,0.00,3496880.68
synb1_txn_5e64a4821892f69c7a438235,2025-06-03T09:00:00,43369.55,0.00,3453511.13
synb1_txn_8f00049774bb1b8435ce8543,2025-06-03T09:00:00,13930.07,0.00,3439581.06
synb1_txn_fa56840d74916e1fad0b6e5c,2025-06-06T09:00:00,25327.42,0.00,3414253.64
synb1_txn_5dfaee67a4115744df5ccfc0,2025-06-07T09:00:00,153427.96,0.00,3260825.68
synb1_txn_5171db54717e0e8e853bbc3b,2025-06-11T15:00:00,0.00,35217.11,3296042.79
synb1_txn_c0e2bf0d286b8858eb25ea03,2025-06-11T15:00:00,0.00,93025.88,3389068.67
synb1_txn_9b2248ea06ee1666a527e278,2025-06-11T15:00:00,0.00,20965.03,3410033.70
synb1_txn_1e63e060033e16387081c00f,2025-06-14T09:00:00,42977.10,0.00,3367056.60
synb1_txn_4edfe00f9e3e10aa19cbf556,2025-06-15T15:00:00,0.00,50869.16,3417925.76
synb1_txn_315792bf28cfafcc5dc3de22,2025-06-15T15:00:00,0.00,48535.24,3466461.00
synb1_txn_ac8f1e5ee2134d28c1bb1ac3,2025-06-15T15:00:00,0.00,26206.29,3492667.29
synb1_txn_602cf267ee601266e6e07e4b,2025-06-17T09:00:00,28651.41,0.00,3464015.88
synb1_txn_6d700c688facac78c7c493df,2025-06-19T09:00:00,37246.82,0.00,3426769.06
synb1_txn_547d41ead83b65c11dd4790d,2025-06-19T09:00:00,19256.40,0.00,3407512.66
synb1_txn_59a87cff260e154aa6f01b93,2025-06-19T15:00:00,0.00,43043.14,3450555.80
synb1_txn_970b5d0c4f3d24ccde781ace,2025-06-19T15:00:00,0.00,48535.26,3499091.06
synb1_txn_4388287325f4eb2980018daf,2025-06-19T15:00:00,0.00,60274.48,3559365.54
synb1_txn_36ff60065294d3498d11e7f3,2025-06-20T09:00:00,28014.70,0.00,3531350.84
synb1_txn_c0fbc91ad382a643ca6f2394,2025-06-22T09:00:00,37246.83,0.00,3494104.01
synb1_txn_238875aba1a3e44b08940a7c,2025-06-22T09:00:00,29450.98,0.00,3464653.03
synb1_txn_4048a3d21c8080919ad0f26d,2025-06-23T09:00:00,35018.38,0.00,3429634.65
synb1_txn_96731c1d22841f802b08152c,2025-06-23T09:00:00,42134.41,0.00,3387500.24
synb1_txn_56a97d4ecf8fc0ef62fda7fb,2025-06-23T09:00:00,9669.84,0.00,3377830.40
synb1_txn_d8cf74164e22cb1f54da44ff,2025-06-24T09:00:00,10578.99,0.00,3367251.41
synb1_txn_ba655f82ab83f3a69271072b,2025-06-25T09:00:00,65548.07,0.00,3301703.34
synb1_txn_9d7871425a210df088a4f0fd,2025-06-26T09:00:00,29494.10,0.00,3272209.24
synb1_txn_a4f67e29dfa54feb92bd7cc4,2025-06-26T09:00:00,16116.42,0.00,3256092.82
synb1_txn_768aa305daa2f4df5a872a4d,2025-06-27T09:00:00,16496.26,0.00,3239596.56
synb1_txn_f1a8bd5ebc29191652a37d0c,2025-06-27T09:00:00,12342.16,0.00,3227254.40
synb1_txn_64f1e7133c63fb0690914538,2025-06-30T09:00:00,1634.25,0.00,3225620.15
synb1_txn_027f260be98a2842c1970f44,2025-06-30T09:00:00,6860.00,0.00,3218760.15
synb1_txn_c077c677c7a5f8e8f8eaa476,2025-06-30T09:00:00,823.20,0.00,3217936.95
synb1_txn_7c9da1952a3e7a11156b26b3,2025-06-30T09:00:00,12155.14,0.00,3205781.81
synb1_txn_8516a1de24917178dadb3661,2025-06-30T15:00:00,0.00,56674.69,3262456.50
synb1_txn_61d25d426044950f6b3941b1,2025-07-03T09:00:00,43369.55,0.00,3219086.95
synb1_txn_f886ccd729e22399ba3df42a,2025-07-03T15:00:00,0.00,70843.37,3289930.32
synb1_txn_f91c6ef6e90389d1640148a8,2025-07-04T15:00:00,0.00,70843.37,3360773.69
synb1_txn_390cabb459e4869aaf514071,2025-07-07T09:00:00,153427.96,0.00,3207345.73
synb1_txn_a5dd91e8151027b1ee2b9d06,2025-07-07T15:00:00,0.00,56084.33,3263430.06
synb1_txn_ed4d3b593f965453c61a2e7e,2025-07-08T15:00:00,0.00,95638.56,3359068.62
synb1_txn_856627ccef91331d6c71a9d2,2025-07-10T15:00:00,0.00,52266.66,3411335.28
synb1_txn_bc8810e4600c28fb76dff3a0,2025-07-11T15:00:00,0.00,38373.50,3449708.78
synb1_txn_a8cb629846a58dab11b45553,2025-07-11T15:00:00,0.00,45192.98,3494901.76
synb1_txn_696de576faaff84c8f059cc0,2025-07-14T15:00:00,0.00,68600.00,3563501.76
synb1_txn_02fc97302de096444cded1f4,2025-07-15T15:00:00,0.00,50842.10,3614343.86
synb1_txn_b66e95619681dccea70d71eb,2025-07-17T09:00:00,29340.13,0.00,3585003.73
synb1_txn_816b7ee856dacdb82f173da2,2025-07-18T15:00:00,0.00,75133.34,3660137.07
synb1_txn_0a717bb69f0f925101d291f6,2025-07-19T09:00:00,38983.98,0.00,3621153.09
synb1_txn_c69db3e7714cc496a6e3dc89,2025-07-19T15:00:00,0.00,64964.92,3686118.01
synb1_txn_2f6638457ff6cbb046d8b968,2025-07-20T09:00:00,13336.43,0.00,3672781.58
synb1_txn_f24263c7efff565fa8632529,2025-07-22T09:00:00,13006.18,0.00,3659775.40
synb1_txn_be92f58e8495cf8cc6f24162,2025-07-22T09:00:00,13561.66,0.00,3646213.74
synb1_txn_28bfe32602588912ecbec9b9,2025-07-22T09:00:00,26453.42,0.00,3619760.32
synb1_txn_a30348377ee55b127c5a8c8d,2025-07-23T09:00:00,27989.67,0.00,3591770.65
synb1_txn_e23db623fbfc5ac6f3a4516c,2025-07-23T09:00:00,23862.16,0.00,3567908.49
synb1_txn_6c07ea03dc6d639d8668a34e,2025-07-24T15:00:00,0.00,58153.84,3626062.33
synb1_txn_84c4bd5e2360d529ef2000ff,2025-07-25T09:00:00,65548.07,0.00,3560514.26
synb1_txn_8c96bd358e1be6eca825ef2d,2025-07-25T09:00:00,9754.65,0.00,3550759.61
synb1_txn_79f33f0e2fa0261ea8e53677,2025-07-25T09:00:00,23424.69,0.00,3527334.92
synb1_txn_0c336c62957b81b47876e199,2025-07-26T09:00:00,8996.68,0.00,3518338.24
synb1_txn_ff4eb8018f55df8f9f89a5a0,2025-07-26T09:00:00,50110.55,0.00,3468227.69
synb1_txn_849fe12bbca5aad13820e81f,2025-07-28T09:00:00,1634.25,0.00,3466593.44
synb1_txn_b259da345ca1416f14a4e0fd,2025-07-28T09:00:00,6860.00,0.00,3459733.44
synb1_txn_47b7ea5de064c7e3a85c33a4,2025-07-28T09:00:00,823.20,0.00,3458910.24
synb1_txn_5e02063e643182f5cc2010b8,2025-07-28T15:00:00,0.00,92076.92,3550987.16
synb1_txn_89fbea724cdba9c005589df8,2025-07-30T09:00:00,45983.03,0.00,3505004.13
synb1_txn_99aef36937c2c061f71cc226,2025-08-01T15:00:00,0.00,38769.24,3543773.37
synb1_txn_aec5031347f40c5a12b97a46,2025-08-02T09:00:00,19454.37,0.00,3524319.00
synb1_txn_beadfd42daf1993d56b0b6d1,2025-08-02T09:00:00,43814.63,0.00,3480504.37
synb1_txn_d506635c9ea2d4ddcf04786b,2025-08-03T09:00:00,43369.55,0.00,3437134.82
synb1_txn_9b570721719cc7caea21ac10,2025-08-05T09:00:00,18777.71,0.00,3418357.11
synb1_txn_d42b40112943874d9f55afca,2025-08-07T09:00:00,153427.96,0.00,3264929.15
synb1_txn_0bf679a07f32ec203cd9a66c,2025-08-09T09:00:00,29952.13,0.00,3234977.02
synb1_txn_b31fd22edfd6767259a2272d,2025-08-10T15:00:00,0.00,54197.12,3289174.14
synb1_txn_9969b81bab533003442d2b18,2025-08-11T15:00:00,0.00,31111.11,3320285.25
synb1_txn_3c892880f8df7bd1ebe82217,2025-08-12T09:00:00,34944.17,0.00,3285341.08
synb1_txn_fecb7b1b16e70b731f0c8290,2025-08-14T15:00:00,0.00,88070.32,3373411.40
synb1_txn_839096db6749cf5104d0af22,2025-08-15T15:00:00,0.00,66111.11,3439522.51
synb1_txn_c115f17932bc49e53f741a09,2025-08-17T09:00:00,31863.97,0.00,3407658.54
synb1_txn_b675c9b2ced37e081fdab055,2025-08-18T09:00:00,20370.67,0.00,3387287.87
synb1_txn_a8eebb9fe2dde3d939ae3bc0,2025-08-18T15:00:00,0.00,64359.08,3451646.95
synb1_txn_9a1912838f1185e2f8562100,2025-08-19T15:00:00,0.00,42777.78,3494424.73
synb1_txn_40a54348096babe499ed8271,2025-08-20T09:00:00,30536.32,0.00,3463888.41
synb1_txn_2aaf7862cc487a7fbf79e974,2025-08-21T09:00:00,7085.46,0.00,3456802.95
synb1_txn_434dc63d2e9820b3ef7c104b,2025-08-22T09:00:00,18066.36,0.00,3438736.59
synb1_txn_e2362c5988395dcbc989ebf3,2025-08-22T15:00:00,0.00,59160.42,3497897.01
synb1_txn_84bcb1ad83cb198b59a8b069,2025-08-23T09:00:00,24960.14,0.00,3472936.87
synb1_txn_fd958115da7c198020115b79,2025-08-24T09:00:00,36680.51,0.00,3436256.36
synb1_txn_efc7e13fc3202f42d80c98f1,2025-08-24T09:00:00,30284.94,0.00,3405971.42
synb1_txn_5e9f602de4ae42572031e7e6,2025-08-25T09:00:00,65548.07,0.00,3340423.35
synb1_txn_a8c410cc844c9b90586a3022,2025-08-25T09:00:00,29357.86,0.00,3311065.49
synb1_txn_a8453acc40c7c45daae4ce63,2025-08-26T09:00:00,24960.14,0.00,3286105.35
synb1_txn_da69e03364e2467547900fd6,2025-08-26T15:00:00,0.00,45240.32,3331345.67
synb1_txn_a47a8816671217807feffb65,2025-08-27T09:00:00,28215.79,0.00,3303129.88
synb1_txn_25571ed7eda53f1ddcec3b9d,2025-08-27T09:00:00,39603.39,0.00,3263526.49
synb1_txn_2f92cd6b454dbd29a1d3c15a,2025-08-27T15:00:00,0.00,68875.50,3332401.99
synb1_txn_a0271eedcf135e1c58646fd7,2025-08-28T09:00:00,1634.25,0.00,3330767.74
synb1_txn_4d6912cabff06dfd3dc3b584,2025-08-28T09:00:00,6860.00,0.00,3323907.74
synb1_txn_752244b40e683c030e7cc9b0,2025-08-28T09:00:00,823.20,0.00,3323084.54
synb1_txn_9a7b775944bcdf0ed4d07f4d,2025-08-30T15:00:00,0.00,27840.22,3350924.76
synb1_txn_f2a93e5aa7cab5fee749228a,2025-08-31T09:00:00,10816.04,0.00,3340108.72
synb1_txn_a32441c4992ede70bfa2ccf1,2025-08-31T15:00:00,0.00,36733.60,3376842.32
synb1_txn_62c41a8350683bde1f24fabf,2025-09-03T09:00:00,43369.55,0.00,3333472.77
synb1_txn_a29706b10473dba249a892a1,2025-09-03T09:00:00,9152.05,0.00,3324320.72
synb1_txn_c442875188008e7c6c6c893e,2025-09-04T15:00:00,0.00,59692.10,3384012.82
synb1_txn_c90e1eaf3d9213413fac52b2,2025-09-06T15:00:00,0.00,81638.55,3465651.37
synb1_txn_c9524c1015c28487f19ea1a4,2025-09-07T09:00:00,153427.96,0.00,3312223.41
synb1_txn_b14fd3dbcb158df61048b7d6,2025-09-10T15:00:00,0.00,29686.74,3341910.15
synb1_txn_cbe50e87a9f7e4ab9364c2c2,2025-09-11T09:00:00,31421.47,0.00,3310488.68
synb1_txn_c4414f845af933e8d963eba0,2025-09-13T15:00:00,0.00,19074.48,3329563.16
synb1_txn_24604031609b01c04c340422,2025-09-14T09:00:00,22111.41,0.00,3307451.75
synb1_txn_20c0749fa7c8ba6cd25ac25f,2025-09-14T15:00:00,0.00,70506.03,3377957.78
synb1_txn_86b0ec81f5907b347e36632c,2025-09-16T15:00:00,0.00,44486.83,3422444.61
synb1_txn_d065130d74095c63adf5291a,2025-09-17T15:00:00,0.00,64376.37,3486820.98
synb1_txn_07d4133d3ea14faff7117e85,2025-09-18T09:00:00,35445.25,0.00,3451375.73
synb1_txn_fc733fb23701217b5432e97c,2025-09-18T09:00:00,16952.09,0.00,3434423.64
synb1_txn_27c43006f60edf258626e028,2025-09-19T09:00:00,35688.58,0.00,3398735.06
synb1_txn_d7f7310088eba45e9a519c66,2025-09-20T15:00:00,0.00,38684.20,3437419.26
synb1_txn_7ceb48cc7cb0172a7eb8b5ac,2025-09-21T09:00:00,26117.56,0.00,3411301.70
synb1_txn_d87162e9b045682052ba2cc1,2025-09-21T09:00:00,33904.20,0.00,3377397.50
synb1_txn_4f5a96c9d2793316b4063b37,2025-09-21T15:00:00,0.00,42917.59,3420315.09
synb1_txn_67d4517e5234c200b31f163f,2025-09-22T09:00:00,17844.30,0.00,3402470.79
synb1_txn_06e516855d4d5a1d7ed2aa1f,2025-09-22T15:00:00,0.00,73006.96,3475477.75
synb1_txn_166192c33c449d5afe566765,2025-09-24T15:00:00,0.00,25144.75,3500622.50
synb1_txn_a205aabf1d110e60e1cea662,2025-09-25T09:00:00,65548.07,0.00,3435074.43
synb1_txn_93815e76e4da448a5cd2f402,2025-09-25T09:00:00,19628.72,0.00,3415445.71
synb1_txn_f3b5985f7122ccf4063e902b,2025-09-26T09:00:00,30669.88,0.00,3384775.83
synb1_txn_fef85b24aa34b9bacbe0be3b,2025-09-26T15:00:00,0.00,73006.96,3457782.79
synb1_txn_29f171c69af8b4fc20b95efd,2025-09-27T09:00:00,39463.34,0.00,3418319.45
synb1_txn_ee9c16d7bcb7a626ea2cd309,2025-09-28T09:00:00,1634.25,0.00,3416685.20
synb1_txn_3955e9d15e85dbfb0f5e94d1,2025-09-28T09:00:00,6860.00,0.00,3409825.20
synb1_txn_38c04b110613aeab69a4444a,2025-09-28T09:00:00,823.20,0.00,3409002.00
synb1_txn_f5dd7f082d742d90e1375abb,2025-09-28T09:00:00,7137.72,0.00,3401864.28
synb1_txn_e549a24ffd7477484f6f9bcd,2025-09-29T09:00:00,28216.29,0.00,3373647.99
synb1_txn_bd5538643fbc29cb6d4dbd59,2025-09-30T09:00:00,27452.76,0.00,3346195.23
synb1_txn_4c2f48f146db84fbc2821475,2025-09-30T15:00:00,0.00,52565.02,3398760.25
synb1_txn_4eed0202534fb4a845ecb128,2025-09-30T15:00:00,0.00,110167.34,3508927.59
synb1_txn_0f4cb728016aa68bf08e8850,2025-10-03T09:00:00,43369.55,0.00,3465558.04
synb1_txn_cde421b38cf91eb9ddd3cd8a,2025-10-03T09:00:00,25639.43,0.00,3439918.61
synb1_txn_d8d29f6aa3aff7c1de49e0e1,2025-10-04T15:00:00,0.00,71284.74,3511203.35
synb1_txn_cde0f94659e009532fd9dbc4,2025-10-06T09:00:00,9156.94,0.00,3502046.41
synb1_txn_0986b7cfd8f0c42b466c0629,2025-10-07T09:00:00,153427.96,0.00,3348618.45
synb1_txn_d81bd7827898dccfb9a549c3,2025-10-08T15:00:00,0.00,71284.76,3419903.21
synb1_txn_e260051dee894db9feeb686b,2025-10-13T15:00:00,0.00,30474.68,3450377.89
synb1_txn_47182cc77f435f290197b87b,2025-10-13T15:00:00,0.00,61808.68,3512186.57
synb1_txn_42c64d2b95b81b9d2936911d,2025-10-14T09:00:00,20128.62,0.00,3492057.95
synb1_txn_cfa36b1db5dc15173c352e1b,2025-10-16T09:00:00,24041.12,0.00,3468016.83
synb1_txn_5b17a9b39c8208bdf4e8efeb,2025-10-17T09:00:00,22141.50,0.00,3445875.33
synb1_txn_73d9884fe54beb17484f7f89,2025-10-17T15:00:00,0.00,32818.88,3478694.21
synb1_txn_00d2b21608b53caabfd311cc,2025-10-17T15:00:00,0.00,68449.00,3547143.21
synb1_txn_73989d9556be46fbb69bee86,2025-10-17T15:00:00,0.00,89279.20,3636422.41
synb1_txn_74419031ca6aecb41e570935,2025-10-19T09:00:00,12945.23,0.00,3623477.18
synb1_txn_8bef8a04bb66a195bc78c33b,2025-10-21T09:00:00,36692.81,0.00,3586784.37
synb1_txn_3f26a7559ecbece55b3247cf,2025-10-21T15:00:00,0.00,23442.07,3610226.44
synb1_txn_cba27453d9a41e397d38ba4a,2025-10-21T15:00:00,0.00,76501.83,3686728.27
synb1_txn_92a6e429af13cb4073a73265,2025-10-21T15:00:00,0.00,61808.69,3748536.96
synb1_txn_d5ca1dea6ea7f759236f5d53,2025-10-22T09:00:00,18493.17,0.00,3730043.79
synb1_txn_ef6258f4e5e4a4ff04231de4,2025-10-23T15:00:00,0.00,72026.96,3802070.75
synb1_txn_16751cf3c220b9ff4259714b,2025-10-24T09:00:00,29354.25,0.00,3772716.50
synb1_txn_c1dba4aedb168d50fc3e1957,2025-10-25T09:00:00,65548.07,0.00,3707168.43
synb1_txn_929d7e8134508b0f5b28ed40,2025-10-25T09:00:00,20584.66,0.00,3686583.77
synb1_txn_4afa7d4bea317b6ff747609e,2025-10-25T09:00:00,35895.14,0.00,3650688.63
synb1_txn_0d483a315d18cc1453908778,2025-10-25T09:00:00,18493.18,0.00,3632195.45
synb1_txn_33261e063e0f965ea16af7a3,2025-10-25T15:00:00,0.00,44290.54,3676485.99
synb1_txn_117a8804617467c8603059a7,2025-10-26T09:00:00,22378.29,0.00,3654107.70
synb1_txn_beffc85553860e008981d5ac,2025-10-27T09:00:00,33684.02,0.00,3620423.68
synb1_txn_025568902e877166472054c0,2025-10-27T15:00:00,0.00,34118.03,3654541.71
synb1_txn_beaf8194079275e7a040362e,2025-10-28T09:00:00,1634.25,0.00,3652907.46
synb1_txn_ce778e112eba1a7d50238c97,2025-10-28T09:00:00,6860.00,0.00,3646047.46
synb1_txn_16a032e69a39aefae39893d8,2025-10-28T09:00:00,823.20,0.00,3645224.26
synb1_txn_8b80470744ebb3c706f46845,2025-10-28T09:00:00,24327.34,0.00,3620896.92
synb1_txn_8502c5fd0b791050e5376371,2025-10-28T09:00:00,30151.92,0.00,3590745.00
synb1_txn_113858147501ebb6662476ee,2025-10-29T09:00:00,19891.83,0.00,3570853.17
synb1_txn_9aaa84668d45967ba4c62412,2025-10-30T09:00:00,37646.86,0.00,3533206.31
synb1_txn_62fc3e1777a3100d55303d54,2025-10-31T15:00:00,0.00,90981.44,3624187.75
synb1_txn_1816a9d914168506394eea3a,2025-11-03T09:00:00,43369.55,0.00,3580818.20
synb1_txn_ca637bced1cc318a9845e34f,2025-11-07T09:00:00,153427.96,0.00,3427390.24
synb1_txn_801ebe3a1ed47eb9b94b0a79,2025-11-10T15:00:00,0.00,75821.05,3503211.29
synb1_txn_86bbbd5ea891fc3786fa5d61,2025-11-14T15:00:00,0.00,50547.36,3553758.65
synb1_txn_de424f13780b1621f677997b,2025-11-15T09:00:00,23177.25,0.00,3530581.40
synb1_txn_7bbc3ec228ae379f17597563,2025-11-16T15:00:00,0.00,25097.56,3555678.96
synb1_txn_7e4f6d60022d24efe94ffa34,2025-11-17T09:00:00,19169.37,0.00,3536509.59
synb1_txn_57312e810b10dbde28c306d4,2025-11-18T09:00:00,9270.90,0.00,3527238.69
synb1_txn_a97f93508907f69677cf1096,2025-11-18T15:00:00,0.00,113731.59,3640970.28
synb1_txn_08c678c9dba04185062df7d6,2025-11-19T09:00:00,32448.15,0.00,3608522.13
synb1_txn_f37b5990d9d83ff587bf0535,2025-11-20T09:00:00,20766.82,0.00,3587755.31
synb1_txn_7ad0b6e814cd506523825822,2025-11-20T15:00:00,0.00,22587.80,3610343.11
synb1_txn_cad3c260892288e9f8ac90e8,2025-11-21T09:00:00,16827.95,0.00,3593515.16
synb1_txn_8f6e650f824f20d94ae5f3fc,2025-11-22T09:00:00,32448.15,0.00,3561067.01
synb1_txn_0d8414d5bf3a4f7136c4a3ea,2025-11-23T09:00:00,25890.00,0.00,3535177.01
synb1_txn_ccf2466c5841b691ca428409,2025-11-24T09:00:00,26880.12,0.00,3508296.89
synb1_txn_10c0d37917316f23a724c137,2025-11-24T09:00:00,10628.18,0.00,3497668.71
synb1_txn_525f92f5ea484bc500748a43,2025-11-24T15:00:00,0.00,55214.64,3552883.35
synb1_txn_07a61e4d887d8e715efc9289,2025-11-25T09:00:00,65548.07,0.00,3487335.28
synb1_txn_cca6561afe5bb5c0b41d7d22,2025-11-25T09:00:00,29371.67,0.00,3457963.61
synb1_txn_713280fa97eb68f2927a1c08,2025-11-25T09:00:00,41600.21,0.00,3416363.40
synb1_txn_828edc23c39ee48f3ef90d31,2025-11-26T09:00:00,31518.27,0.00,3384845.13
synb1_txn_eb576d5b58281e65ccb9fe81,2025-11-27T09:00:00,43008.21,0.00,3341836.92
synb1_txn_1e7173863b88475e63ab1adb,2025-11-28T09:00:00,1634.25,0.00,3340202.67
synb1_txn_5729c42a0e5437d1ca401fbd,2025-11-28T09:00:00,6860.00,0.00,3333342.67
synb1_txn_a3e10160de779732fbe3ee26,2025-11-28T09:00:00,823.20,0.00,3332519.47
synb1_txn_24b5e36e08c15a6ac39c7dea,2025-11-28T09:00:00,25540.59,0.00,3306978.88
synb1_txn_5b857ed103975ee3da8e4da7,2025-11-28T09:00:00,18304.10,0.00,3288674.78
synb1_txn_d39e8bdc4628a66a357bb07f,2025-12-02T15:00:00,0.00,44542.36,3333217.14
synb1_txn_d6db8420b90a218d29ef27f2,2025-12-03T09:00:00,43369.55,0.00,3289847.59
synb1_txn_5d69fbcf2224bd4396d13f0e,2025-12-05T15:00:00,0.00,53788.63,3343636.22
synb1_txn_860962e659e7fb9dd5cc70c3,2025-12-06T15:00:00,0.00,48591.66,3392227.88
synb1_txn_e28c455283e34badd3c7115e,2025-12-07T09:00:00,153427.96,0.00,3238799.92
synb1_txn_f50d3aa70c74c6b36d834463,2025-12-09T09:00:00,16405.23,0.00,3222394.69
synb1_txn_2f2d26570742bdf4b8f88127,2025-12-09T15:00:00,0.00,60960.45,3283355.14
synb1_txn_4ba77c3d7b263595a56a8275,2025-12-10T15:00:00,0.00,52640.98,3335996.12
synb1_txn_495f7ecd56305ab28ccc12bd,2025-12-10T15:00:00,0.00,80181.81,3416177.93
synb1_txn_b2c5c568b16eca45c5f112c7,2025-12-12T09:00:00,49215.72,0.00,3366962.21
synb1_txn_cb261efa26f52ee5fb1dc9d0,2025-12-13T15:00:00,0.00,82475.92,3449438.13
synb1_txn_e24f52feaf5496e86dee8bc6,2025-12-14T15:00:00,0.00,49000.00,3498438.13
synb1_txn_4ff23ede25779cca32b3d0be,2025-12-15T09:00:00,13362.80,0.00,3485075.33
synb1_txn_affb7983157f02dbda286399,2025-12-18T09:00:00,18135.25,0.00,3466940.08
synb1_txn_33b61c95893cbd2f5842446f,2025-12-18T15:00:00,0.00,66818.19,3533758.27
synb1_txn_c57b61d52d9f7a1e02761ccc,2025-12-21T09:00:00,38497.62,0.00,3495260.65
synb1_txn_3e01c9d9548efd13a4c12d1a,2025-12-23T09:00:00,22442.36,0.00,3472818.29
synb1_txn_7aea53db8fc88616ead9c3c5,2025-12-24T09:00:00,19248.82,0.00,3453569.47
synb1_txn_d95aeae39ee655453863090c,2025-12-24T15:00:00,0.00,31850.00,3485419.47
synb1_txn_3a4534c5a74e40375beb05cf,2025-12-25T09:00:00,65548.07,0.00,3419871.40
synb1_txn_a9f3cc134dd6490a9e26e664,2025-12-25T09:00:00,27269.15,0.00,3392602.25
synb1_txn_7db420ccba53d9b1396e5c36,2025-12-25T15:00:00,0.00,53454.54,3446056.79
synb1_txn_60da399d3662adc7a4dc5642,2025-12-26T09:00:00,27429.56,0.00,3418627.23
synb1_txn_91a500b5203028f6e081d68b,2025-12-28T09:00:00,17353.10,0.00,3401274.13
synb1_txn_a07bc2baef6d6e2d75f5cc61,2025-12-28T15:00:00,0.00,31850.00,3433124.13
synb1_txn_d3486d5229a03b06607bf7da,2025-12-29T09:00:00,1634.25,0.00,3431489.88
synb1_txn_46fb0b68ff207d9fc52b2f3d,2025-12-29T09:00:00,6860.00,0.00,3424629.88
synb1_txn_0e557b1f40236e3298c85b63,2025-12-29T09:00:00,823.20,0.00,3423806.68
synb1_txn_91f83f1cdec659943424f8c9,2025-12-29T15:00:00,0.00,44545.45,3468352.13
synb1_txn_567c0207f5205a101a5bf9ef,2025-12-31T09:00:00,34450.99,0.00,3433901.14
synb1_txn_1a3c5b50b6ce5e6d39416cd2,2026-01-01T09:00:00,17611.82,0.00,3416289.32
synb1_txn_a1a15d059d2694baeb121da1,2026-01-01T15:00:00,0.00,34300.00,3450589.32
synb1_txn_078cdb821fb29b18cdefa442,2026-01-02T15:00:00,0.00,49000.01,3499589.33
synb1_txn_81186b3023542b31bb2c8b4b,2026-01-03T09:00:00,43369.55,0.00,3456219.78
synb1_txn_eb7388d2eb2225d9534c3118,2026-01-03T09:00:00,18045.77,0.00,3438174.01
synb1_txn_40a04d9845efa295a513c8cf,2026-01-03T09:00:00,22865.25,0.00,3415308.76
synb1_txn_21c79cb17325a5fca3ddf2bb,2026-01-04T09:00:00,50634.02,0.00,3364674.74
synb1_txn_76898406ea4a46c346f0d0bc,2026-01-04T15:00:00,0.00,40833.33,3405508.07
synb1_txn_e770fd65aae322babc82efa4,2026-01-06T09:00:00,13882.48,0.00,3391625.59
synb1_txn_f552de23ca211f5343ae1888,2026-01-07T09:00:00,153427.96,0.00,3238197.63
synb1_txn_4468fb84a2ab649600a40119,2026-01-08T15:00:00,0.00,90740.74,3328938.37
synb1_txn_c831b8964c7d51247b4e9350,2026-01-11T15:00:00,0.00,18064.51,3347002.88
synb1_txn_e5a3c2baf505c66f71fb4d7e,2026-01-12T15:00:00,0.00,113425.93,3460428.81
synb1_txn_4624d1df911e44ce59c49663,2026-01-14T15:00:00,0.00,77538.46,3537967.27
synb1_txn_1ef0a408c2e0e3931518851b,2026-01-15T15:00:00,0.00,58709.67,3596676.94
synb1_txn_9ad5642b7c4a7c8d3442a116,2026-01-18T15:00:00,0.00,43615.38,3640292.32
synb1_txn_204a6421114d2cd354883f0c,2026-01-19T15:00:00,0.00,63225.82,3703518.14
synb1_txn_5488bd3e0f6deb8ba0430e8e,2026-01-20T09:00:00,34609.16,0.00,3668908.98
synb1_txn_73ace83968345238aabbfd12,2026-01-20T09:00:00,21900.82,0.00,3647008.16
synb1_txn_6e521a7a0edd3bd4dcfd60d7,2026-01-21T09:00:00,15477.98,0.00,3631530.18
synb1_txn_c4bba8a2e3ebac8290766e20,2026-01-22T15:00:00,0.00,67846.16,3699376.34
synb1_txn_fc876aa3dcf11f615edb02fa,2026-01-23T09:00:00,44991.91,0.00,3654384.43
synb1_txn_311377e9bfc23642da320a80,2026-01-23T09:00:00,25270.18,0.00,3629114.25
synb1_txn_6c184b70c301c15751b01ffc,2026-01-24T09:00:00,25796.65,0.00,3603317.60
synb1_txn_0d3f0ec7feab942f354eba1a,2026-01-25T09:00:00,65548.07,0.00,3537769.53
synb1_txn_c623f411442edbf0166703ab,2026-01-26T09:00:00,10613.47,0.00,3527156.06
synb1_txn_72b557a95c08c476481bd5c1,2026-01-28T09:00:00,1634.25,0.00,3525521.81
synb1_txn_3ce87500ab9e5701cf3544d5,2026-01-28T09:00:00,6860.00,0.00,3518661.81
synb1_txn_7ca3ae1196df3366f4db6d59,2026-01-28T09:00:00,823.20,0.00,3517838.61
synb1_txn_6a987ae2d78df544eba90b2f,2026-01-28T09:00:00,16109.75,0.00,3501728.86
synb1_txn_fcea79273142fadfb07e59eb,2026-01-29T09:00:00,30661.16,0.00,3471067.70
synb1_txn_b99fce102a0dffedbbad102c,2026-01-29T09:00:00,21479.65,0.00,3449588.05
synb1_txn_ec2e2f34693d32aa78827a17,2026-01-30T09:00:00,22111.40,0.00,3427476.65
synb1_txn_b1bd8923033642548ace5eeb,2026-01-30T15:00:00,0.00,40444.44,3467921.09
synb1_txn_e12b6ef2beaeeaa0500607ec,2026-01-31T09:00:00,10423.97,0.00,3457497.12
synb1_txn_3a3ed14cd48ee4ab79a1ae34,2026-02-01T09:00:00,28639.54,0.00,3428857.58
synb1_txn_2bd4470896aba7744938fe57,2026-02-02T09:00:00,33904.17,0.00,3394953.41
synb1_txn_ccb90ccbdc4452adea647a08,2026-02-02T09:00:00,39752.98,0.00,3355200.43
synb1_txn_37df01c774ea979141e6d9a6,2026-02-03T09:00:00,43369.55,0.00,3311830.88
synb1_txn_8b47bb5e9725ce438640f4b0,2026-02-03T15:00:00,0.00,25454.54,3337285.42
synb1_txn_ae978b5847607560a43ccf73,2026-02-03T15:00:00,0.00,57296.29,3394581.71
synb1_txn_d98406103c0467d6dc1e72a1,2026-02-05T09:00:00,25107.15,0.00,3369474.56
synb1_txn_4380eea240a658a4540c9ae1,2026-02-07T09:00:00,153427.96,0.00,3216046.60
synb1_txn_2ac3f2d9f58eb36c65006a90,2026-02-07T15:00:00,0.00,73181.81,3289228.41
synb1_txn_56a1e9f9292266bf5db138ea,2026-02-07T15:00:00,0.00,84259.27,3373487.68
synb1_txn_714c2d7c85246246467d2c45,2026-02-11T15:00:00,0.00,76363.65,3449851.33
synb1_txn_65273a237c741de59561aa3e,2026-02-12T09:00:00,21278.35,0.00,3428572.98
synb1_txn_ef33ee40f37ad83e8398741f,2026-02-12T15:00:00,0.00,81538.00,3510110.98
synb1_txn_da511c648bcd591a4a0eee7f,2026-02-13T09:00:00,14973.65,0.00,3495137.33
synb1_txn_311521b6aacf50c382940565,2026-02-15T09:00:00,20096.22,0.00,3475041.11
synb1_txn_8632af0cf6bb413176912030,2026-02-16T09:00:00,12609.39,0.00,3462431.72
synb1_txn_4d544beca31d7ec637734eca,2026-02-16T15:00:00,0.00,53818.99,3516250.71
synb1_txn_21382423697ef612022e21bd,2026-02-16T15:00:00,0.00,102995.37,3619246.08
synb1_txn_24a2e8c05bd52e5e25788546,2026-02-18T09:00:00,38449.09,0.00,3580796.99
synb1_txn_488fb8bb62ce8e7ab43f1afd,2026-02-20T09:00:00,36849.24,0.00,3543947.75
synb1_txn_4b0a75de5717d2a3f824193a,2026-02-20T15:00:00,0.00,49974.78,3593922.53
synb1_txn_38f6c5e5801de2b6781bf13a,2026-02-20T15:00:00,0.00,38623.27,3632545.80
synb1_txn_2229f2ed2fd7d8e0523db3af,2026-02-21T09:00:00,16717.00,0.00,3615828.80
synb1_txn_f267c50d235df077866fb5c6,2026-02-22T09:00:00,33729.26,0.00,3582099.54
synb1_txn_11513dd477e63bc8d9324152,2026-02-23T09:00:00,25212.64,0.00,3556886.90
synb1_txn_9501cf0458d141921a323767,2026-02-24T15:00:00,0.00,61507.43,3618394.33
synb1_txn_c8a145c96102b79634e8c10b,2026-02-25T09:00:00,65548.07,0.00,3552846.26
synb1_txn_8eb5d28846462ae2ebe6468f,2026-02-25T09:00:00,17988.95,0.00,3534857.31
synb1_txn_886f7d013e746535c387c6bc,2026-02-26T15:00:00,0.00,47407.13,3582264.44
synb1_txn_a82dd229179b42cf55a975ad,2026-02-28T09:00:00,1634.25,0.00,3580630.19
synb1_txn_eeece8ef4283cc84948f6a2c,2026-02-28T09:00:00,6860.00,0.00,3573770.19
synb1_txn_dd3474bf35814611357cbbfe,2026-02-28T09:00:00,823.20,0.00,3572946.99
synb1_txn_dae218e1589e5546901ef112,2026-03-02T15:00:00,0.00,54892.47,3627839.46
synb1_txn_d3daae8884a71bd69b8f2c71,2026-03-03T09:00:00,43369.55,0.00,3584469.91
synb1_txn_0521776d7c59dc0848ef02f7,2026-03-03T09:00:00,11492.93,0.00,3572976.98
synb1_txn_3b31119a7e8c731b5d9f3d29,2026-03-04T09:00:00,20373.84,0.00,3552603.14
synb1_txn_c2f02b35fc810d79e019c875,2026-03-04T09:00:00,22864.89,0.00,3529738.25
synb1_txn_b01fd0b5cfa61f7412905754,2026-03-04T15:00:00,0.00,58341.60,3588079.85
synb1_txn_f79458188dad07cd3c1fac64,2026-03-06T09:00:00,40225.28,0.00,3547854.57
synb1_txn_05927f76077b15ded7df04dd,2026-03-06T15:00:00,0.00,29941.36,3577795.93
synb1_txn_5e88e8ec03c6247ee9811366,2026-03-07T09:00:00,153427.96,0.00,3424367.97
synb1_txn_0a444b2b20d69eb87388c665,2026-03-07T09:00:00,24448.61,0.00,3399919.36
synb1_txn_7775e90ac113a9913c19cb23,2026-03-07T09:00:00,49540.60,0.00,3350378.76
synb1_txn_6fba78511fcbe70a1598be7d,2026-03-08T15:00:00,0.00,45376.80,3395755.56
synb1_txn_ad8ac1c5ccfe129e341442b3,2026-03-09T09:00:00,22784.43,0.00,3372971.13
synb1_txn_99ecc944ab39f501882505e5,2026-03-12T09:00:00,32277.96,0.00,3340693.17
synb1_txn_3e41ee3afb1ddb8b29dd794d,2026-03-12T15:00:00,0.00,61582.80,3402275.97
synb1_txn_a506e4a41eac0bbafdd83a21,2026-03-15T15:00:00,0.00,89775.24,3492051.21
synb1_txn_5ec23a53f77a4fa92bc27c68,2026-03-17T09:00:00,32119.75,0.00,3459931.46
synb1_txn_09a8bdabeda0225337098abc,2026-03-18T09:00:00,18876.40,0.00,3441055.06
synb1_txn_1e09ce76c44951fcc8fc9689,2026-03-19T15:00:00,0.00,58549.07,3499604.13
synb1_txn_8bea3ff5ad85917158bd227f,2026-03-20T09:00:00,32119.75,0.00,3467484.38
synb1_txn_99b42add04547c2e69538d39,2026-03-20T15:00:00,0.00,57523.21,3525007.59
synb1_txn_5efc91300b8752ea0dfc8ed5,2026-03-21T09:00:00,24089.79,0.00,3500917.80
synb1_txn_cf2b4118fdebd954b19cca74,2026-03-21T09:00:00,14772.84,0.00,3486144.96
synb1_txn_6e454597b1fb531c0278adff,2026-03-23T15:00:00,0.00,74162.17,3560307.13
synb1_txn_dcec5393f4f35223578e1971,2026-03-24T09:00:00,18736.51,0.00,3541570.62
synb1_txn_dff9a110eb50fa068e338fd8,2026-03-24T15:00:00,0.00,23532.22,3565102.84
synb1_txn_1c9f43ba518b87a7e3d7e5cb,2026-03-25T09:00:00,65548.07,0.00,3499554.77
synb1_txn_29793ea416178b90de4e9710,2026-03-25T09:00:00,27191.30,0.00,3472363.47
synb1_txn_30347758cbad099d72bf072b,2026-03-26T09:00:00,24024.51,0.00,3448338.96
synb1_txn_c49459ac1a599f2a5dfaf4b2,2026-03-27T09:00:00,17762.06,0.00,3430576.90
synb1_txn_b46592277d5b5b8e3415661b,2026-03-27T15:00:00,0.00,65664.42,3496241.32
synb1_txn_6bf52edc3b92aaabb80fd3c6,2026-03-28T09:00:00,18694.03,0.00,3477547.29
synb1_txn_de650fe197037b930357c1c3,2026-03-28T15:00:00,0.00,20917.54,3498464.83
synb1_txn_b9ebc25711a56be6c014303f,2026-03-29T09:00:00,46332.99,0.00,3452131.84
synb1_txn_2f651df6949f19e743523d8d,2026-03-30T09:00:00,1634.25,0.00,3450497.59
synb1_txn_42834e69950096ab381cd299,2026-03-30T09:00:00,6860.00,0.00,3443637.59
synb1_txn_cb26a33a07ca02142de24d9b,2026-03-30T09:00:00,823.20,0.00,3442814.39
synb1_txn_723152606436149b8bf80ded,2026-03-30T09:00:00,12828.16,0.00,3429986.23
synb1_txn_051e6d9303d04796ba6b9a44,2026-03-31T15:00:00,0.00,45965.09,3475951.32
synb1_txn_ce30fb1f752e2a089ed87960,2026-04-01T09:00:00,34360.64,0.00,3441590.68
synb1_txn_8c52e6bc6c456960ff83cb8c,2026-04-03T09:00:00,43369.55,0.00,3398221.13
synb1_txn_e9182f214a9cbc13c895178f,2026-04-04T09:00:00,29878.82,0.00,3368342.31
synb1_txn_c46554abd23a25eab897ea30,2026-04-04T15:00:00,0.00,45965.10,3414307.41
synb1_txn_f2d0bab9b9de7507c7b09553,2026-04-07T09:00:00,153427.96,0.00,3260879.45
synb1_txn_3d899d902679aac0e4a73b3c,2026-04-10T15:00:00,0.00,98456.66,3359336.11
synb1_txn_1e444a2a1eb5f3ec4a173d84,2026-04-14T15:00:00,0.00,45712.02,3405048.13
synb1_txn_d454c7df99eb58b49585bbad,2026-04-18T15:00:00,0.00,59777.26,3464825.39
synb1_txn_4db492da64ebdfeae753b193,2026-04-18T15:00:00,0.00,93697.56,3558522.95
synb1_txn_ac5fd2118e7eabf55c1b2863,2026-04-18T15:00:00,0.00,77627.34,3636150.29
synb1_txn_3556edd2d0084408d45677ad,2026-04-19T09:00:00,34912.74,0.00,3601237.55
synb1_txn_21b9968cd67c936181824b1a,2026-04-22T09:00:00,38791.95,0.00,3562445.60
synb1_txn_36f83fa757de2a428ead96c7,2026-04-22T09:00:00,13174.71,0.00,3549270.89
synb1_txn_50f043ce009df7ffc71686bb,2026-04-22T15:00:00,0.00,46848.78,3596119.67
synb1_txn_53e45384211476e5cf6536a6,2026-04-22T15:00:00,0.00,40661.94,3636781.61
synb1_txn_66c044eea77afbe9780afab8,2026-04-23T09:00:00,13654.76,0.00,3623126.85
synb1_txn_53b5daad7ec37f7b34479a63,2026-04-23T15:00:00,0.00,43182.56,3666309.41
synb1_txn_ea08ee4733247945945698d0,2026-04-24T09:00:00,26730.23,0.00,3639579.18
synb1_txn_f1d3988489bcdc54a7b637d3,2026-04-24T09:00:00,21292.48,0.00,3618286.70
synb1_txn_fefb5b93a1c3e26db3c31767,2026-04-25T09:00:00,65548.07,0.00,3552738.63
synb1_txn_e04b6531d0e6e05a3d90a822,2026-04-25T09:00:00,25151.73,0.00,3527586.90
synb1_txn_d364c1f5d45da97d11696d2d,2026-04-26T09:00:00,9930.74,0.00,3517656.16
synb1_txn_d291c8b8d28d96008920fb7c,2026-04-26T15:00:00,0.00,93697.56,3611353.72
synb1_txn_02c8b024d2a951f1978a7142,2026-04-26T15:00:00,0.00,42472.79,3653826.51
synb1_txn_cb1d554d5ea02e3f0cc5c353,2026-04-26T15:00:00,0.00,40661.95,3694488.46
synb1_txn_cb595d45ffd77c7774c0bb17,2026-04-27T09:00:00,23388.96,0.00,3671099.50
synb1_txn_41eda55ee4ebc57a857ef665,2026-04-27T09:00:00,22930.38,0.00,3648169.12
synb1_txn_6d36f2576f7c972086a546db,2026-04-27T15:00:00,0.00,33586.43,3681755.55
synb1_txn_3a4033be35ec3dcc9160f321,2026-04-28T09:00:00,1634.25,0.00,3680121.30
synb1_txn_a423048aa5d1b5dd61963660,2026-04-28T09:00:00,6860.00,0.00,3673261.30
synb1_txn_5020c2030685afa9173b6cc0,2026-04-28T09:00:00,823.20,0.00,3672438.10
synb1_txn_f0bc08b7e6362d0e18d672aa,2026-04-28T09:00:00,16509.84,0.00,3655928.26
synb1_txn_95a827f8fea08857247551c8,2026-04-30T15:00:00,0.00,53090.99,3709019.25
synb1_txn_446b412542dfcbc48c7de107,2026-05-01T09:00:00,12972.03,0.00,3696047.22
synb1_txn_13051f0c825186b239f941f5,2026-05-01T15:00:00,0.00,31987.10,3728034.32
synb1_txn_20e6c804b1e660b6330ed5e6,2026-05-03T09:00:00,43369.55,0.00,3684664.77
synb1_txn_3669ddb96b803651be3d4fab,2026-05-03T09:00:00,37709.37,0.00,3646955.40
synb1_txn_a91f0fc2e21e5af5f29a2d5d,2026-05-04T09:00:00,29633.06,0.00,3617322.34
synb1_txn_76b6279f12bb252a56cedc84,2026-05-04T15:00:00,0.00,88485.00,3705807.34
synb1_txn_36264357fae009ea2a073f5d,2026-05-06T09:00:00,27150.76,0.00,3678656.58
synb1_txn_a598f0111bc55cbf04541b23,2026-05-07T09:00:00,153427.96,0.00,3525228.62
synb1_txn_5cd6d5cf2df379f2107305f0,2026-05-07T09:00:00,52916.20,0.00,3472312.42
synb1_txn_0ac9c2a19429830c535170ec,2026-05-10T09:00:00,15551.40,0.00,3456761.02
synb1_txn_3f17ecc08ba145ce8fc1a465,2026-05-11T09:00:00,29017.07,0.00,3427743.95
synb1_txn_c53a2e9ac8d7563fa34a2523,2026-05-13T09:00:00,15119.42,0.00,3412624.53
synb1_txn_0007c8fe893446ab0fd6b11a,2026-05-13T09:00:00,33930.34,0.00,3378694.19
synb1_txn_5c000ac54bc5ea9caa2cff1e,2026-05-14T09:00:00,23213.66,0.00,3355480.53
synb1_txn_f6b74b95a13dea5ea4643991,2026-05-16T09:00:00,26115.37,0.00,3329365.16
synb1_txn_c8f26a3db79a2f0887c31eeb,2026-05-19T15:00:00,0.00,66338.46,3395703.62
synb1_txn_9f8181c1d73086d22cea8c7f,2026-05-20T09:00:00,14521.81,0.00,3381181.81
synb1_txn_b9bb0acb48fd10608ce468e3,2026-05-23T09:00:00,10219.06,0.00,3370962.75
synb1_txn_5ecb66b25523c640d6f837a1,2026-05-23T15:00:00,0.00,51261.53,3422224.28
synb1_txn_8a111763a9d9cd230e67c442,2026-05-25T09:00:00,65548.07,0.00,3356676.21
synb1_txn_f91cb028a8a0c083bb9a4f9f,2026-05-26T15:00:00,0.00,28074.27,3384750.48
synb1_txn_f275a3f91d29e896d75563fc,2026-05-27T15:00:00,0.00,48246.16,3432996.64
synb1_txn_b97f4b9cda56e9aa48f3eb79,2026-05-28T09:00:00,1634.25,0.00,3431362.39
synb1_txn_43077c5a787d10ff82c59405,2026-05-28T09:00:00,6860.00,0.00,3424502.39
synb1_txn_70b5fcf434155b06f34d12e8,2026-05-28T09:00:00,823.20,0.00,3423679.19
synb1_txn_f3bdb262d5b9594984af37ed,2026-05-28T09:00:00,25361.61,0.00,3398317.58
synb1_txn_b5e16e3440e08748fec1b24a,2026-05-28T09:00:00,46933.90,0.00,3351383.68
synb1_txn_77553072f8d61ddf7457b0aa,2026-05-28T09:00:00,30238.84,0.00,3321144.84
synb1_txn_da6a19cfd17194915fea2494,2026-05-28T15:00:00,0.00,72739.53,3393884.37
synb1_txn_7660ff03e186dda779d2107a,2026-05-30T15:00:00,0.00,77984.09,3471868.46
synb1_txn_bfc671e42a31add02444ef0f,2026-05-31T09:00:00,46112.02,0.00,3425756.44
synb1_txn_db6846e80374187cd27aa1ef,2026-05-31T09:00:00,21790.75,0.00,3403965.69
synb1_txn_812320da1d60cf335ce77975,2026-05-31T09:00:00,30238.85,0.00,3373726.84
synb1_txn_039cfc7017b34f76693c8ca2,2026-06-01T15:00:00,0.00,69433.19,3443160.03
synb1_txn_a8dbf6a5025f6a73e6f07aca,2026-06-03T09:00:00,43369.55,0.00,3399790.48
synb1_txn_2ed956293ea214fe437a4601,2026-06-03T09:00:00,18326.59,0.00,3381463.89
synb1_txn_9e749ece11afb502de0c6cfa,2026-06-03T15:00:00,0.00,74864.73,3456328.62
synb1_txn_465eb2070775227a1630185a,2026-06-05T15:00:00,0.00,46288.81,3502617.43
synb1_txn_35c7b6bcd566ec244a5ed738,2026-06-06T09:00:00,20159.25,0.00,3482458.18
synb1_txn_541e5573ca00d9045ff17079,2026-06-07T09:00:00,153427.96,0.00,3329030.22
synb1_txn_f40843f161bc657a0e9d0c54,2026-06-09T15:00:00,0.00,49538.46,3378568.68
synb1_txn_7ebb47a3ca0c0ed628802cae,2026-06-12T09:00:00,29969.30,0.00,3348599.38
synb1_txn_6b5b9f685341781ae69562b9,2026-06-13T15:00:00,0.00,40923.07,3389522.45
synb1_txn_159df5565054e5b9271ed543,2026-06-15T09:00:00,38294.11,0.00,3351228.34
synb1_txn_4a5a1709f1f5ef6096fe5a8a,2026-06-17T09:00:00,28067.37,0.00,3323160.97
synb1_txn_7b3779b19f562162fafd546d,2026-06-17T15:00:00,0.00,60307.70,3383468.67
synb1_txn_07f0a6f5a512b454e1f7f1f6,2026-06-20T09:00:00,19893.90,0.00,3363574.77
synb1_txn_2a1075d57b71b70e965c5e94,2026-06-20T09:00:00,18351.75,0.00,3345223.02
synb1_txn_c44a7a99e20af259291dea38,2026-06-22T09:00:00,25056.68,0.00,3320166.34
synb1_txn_17a829b433c9ef5582b17085,2026-06-22T15:00:00,0.00,28724.13,3348890.47
synb1_txn_1b7bc9997e9cea14a5fca282,2026-06-23T09:00:00,29255.75,0.00,3319634.72
synb1_txn_7a3e73ed6ca1a7920bdc38ab,2026-06-23T09:00:00,27305.36,0.00,3292329.36
synb1_txn_0df9eadf43aa8a420b06a581,2026-06-23T15:00:00,0.00,60517.09,3352846.45
synb1_txn_5c097bcd43bfe8c87019d6c9,2026-06-25T09:00:00,65548.07,0.00,3287298.38
synb1_txn_b99041fdcab6d983621c5b4a,2026-06-25T09:00:00,7709.75,0.00,3279588.63
synb1_txn_89b33ad92a6f1e3508d62444,2026-06-26T09:00:00,27305.37,0.00,3252283.26
synb1_txn_bb60e6f94634fe560a69f02c,2026-06-26T15:00:00,0.00,67022.98,3319306.24
synb1_txn_a733cc1650a584947597224e,2026-06-26T15:00:00,0.00,51065.13,3370371.37
synb1_txn_b5b4bde29c6647f5f70a5336,2026-06-27T15:00:00,0.00,40205.12,3410576.49
synb1_txn_4b4b22de15883ea44494d84c,2026-06-27T15:00:00,0.00,85435.89,3496012.38
synb1_txn_b9f8b4238ad723d1c9466d16,2026-06-29T09:00:00,1634.25,0.00,3494378.13
synb1_txn_1c676e4b2eb6f2095bee0145,2026-06-29T09:00:00,6860.00,0.00,3487518.13
synb1_txn_b8ef3ff0349537c47e227f1d,2026-06-29T09:00:00,823.20,0.00,3486694.93
synb1_txn_704eb76baa43af08bdbde940,2026-06-30T15:00:00,0.00,89364.00,3576058.93
synb1_txn_5c8e3010bfe665b9308028ea,2026-06-30T15:00:00,0.00,86172.41,3662231.34
synb1_txn_6739a07bce0b591103288ddd,2026-07-01T15:00:00,0.00,22615.38,3684846.72
synb1_txn_85e567bfe910a4b43cfe7f4e,2026-07-01T15:00:00,0.00,39158.13,3724004.85
synb1_txn_eb876963ecb05af99ae691b6,2026-07-03T09:00:00,43369.55,0.00,3680635.30
synb1_txn_e15ed1433654265131478b6a,2026-07-03T09:00:00,27465.98,0.00,3653169.32
synb1_txn_f8dfc71d72596397b4fa7c0b,2026-07-03T09:00:00,12287.42,0.00,3640881.90
synb1_txn_51d1290769b8110df14f5f20,2026-07-04T09:00:00,28977.12,0.00,3611904.78
synb1_txn_97332e05f2308b985f856a29,2026-07-04T15:00:00,0.00,47873.58,3659778.36
synb1_txn_bb71d22e6393b5db892fbcd3,2026-07-05T15:00:00,0.00,67846.16,3727624.52
synb1_txn_2b7386ae8cbac39de8e3e332,2026-07-06T09:00:00,24414.21,0.00,3703210.31
synb1_txn_6db74f407bd7b23ef606dd66,2026-07-06T09:00:00,36862.26,0.00,3666348.05
synb1_txn_de1545ea1509c697e5a2dfa4,2026-07-07T09:00:00,153427.96,0.00,3512920.09
synb1_txn_5bc4971d854a0c76c1d23ea8,2026-07-07T09:00:00,25633.61,0.00,3487286.48
synb1_txn_734ae14b59af59c255859714,2026-07-11T09:00:00,11520.05,0.00,3475766.43
synb1_txn_36d261760942ad714c3d9ce6,2026-07-14T09:00:00,18304.08,0.00,3457462.35
synb1_txn_6dede44fd3b2531f5d855fde,2026-07-14T09:00:00,25920.12,0.00,3431542.23
synb1_txn_180398dc5581e2d221618d15,2026-07-15T09:00:00,26208.12,0.00,3405334.11
synb1_txn_73e58ccd4795cd7f3b46874b,2026-07-17T09:00:00,36608.18,0.00,3368725.93
synb1_txn_014751e8b540e2613a848776,2026-07-17T15:00:00,0.00,75502.44,3444228.37
synb1_txn_39ac4f088153728f7bee2f28,2026-07-18T09:00:00,26208.12,0.00,3418020.25
synb1_txn_f25f505092d25e7bc5417db3,2026-07-21T15:00:00,0.00,92926.08,3510946.33
synb1_txn_ac4b9bc72848c0a88ac017f1,2026-07-23T09:00:00,37440.17,0.00,3473506.16
synb1_txn_b61a2454f05ce288ad8e5750,2026-07-25T09:00:00,65548.07,0.00,3407958.09
synb1_txn_a0fbcb33daf1027ccec1c11f,2026-07-25T15:00:00,0.00,46463.04,3454421.13
synb1_txn_61c031adb41e9293ac91d228,2026-07-26T09:00:00,24960.12,0.00,3429461.01
synb1_txn_9b35eed4ccf39ab567c83949,2026-07-27T09:00:00,21354.78,0.00,3408106.23
synb1_txn_4575306204d915a0ebe3669b,2026-07-28T09:00:00,1634.25,0.00,3406471.98
synb1_txn_31e107e6adafd2ee8541e782,2026-07-28T09:00:00,6860.00,0.00,3399611.98
synb1_txn_80585f36a5f1eb280c071d55,2026-07-28T09:00:00,823.20,0.00,3398788.78
synb1_txn_a05a2107efe9e94af1c676c2,2026-07-28T09:00:00,21632.09,0.00,3377156.69
synb1_txn_97a986c347eb68345ede64be,2026-07-28T15:00:00,0.00,53865.39,3431022.08
synb1_txn_f479b9e95aad4356c64a7fec,2026-07-30T09:00:00,31061.52,0.00,3399960.56
synb1_txn_9befb4d5a81607c25978d8e8,2026-07-31T09:00:00,28288.14,0.00,3371672.42
synb1_txn_aed20171e90e36345cac7ece,2026-08-01T09:00:00,35846.97,0.00,3335825.45
synb1_txn_240da4c35792b7af52d1cb46,2026-08-01T15:00:00,0.00,38255.42,3374080.87
synb1_txn_b556b18d7d2ffe5bba5723c8,2026-08-01T15:00:00,0.00,65835.48,3439916.35
synb1_txn_f99f5b33f5ad55d0a4e64e39,2026-08-03T09:00:00,43369.55,0.00,3396546.80
synb1_txn_24b2130ff291100598343696,2026-08-03T09:00:00,10145.07,0.00,3386401.73
synb1_txn_a6d4de5e4b840bda168ed954,2026-08-04T09:00:00,26553.32,0.00,3359848.41
synb1_txn_cb61be8c5659d117d712b8c6,2026-08-05T15:00:00,0.00,55257.82,3415106.23
synb1_txn_e57fb7b3f3292f21f44482ad,2026-08-05T15:00:00,0.00,53865.41,3468971.64
synb1_txn_3a1735535ccf00a97cd29331,2026-08-06T09:00:00,24799.09,0.00,3444172.55
synb1_txn_dfea4fe607f49c1bf7e2d8a4,2026-08-06T15:00:00,0.00,48578.31,3492750.86
synb1_txn_b4d42b2d94c06491c6d2c0d3,2026-08-07T09:00:00,153427.96,0.00,3339322.90
synb1_txn_79b8f23b4d8242fcb416abd4,2026-08-09T09:00:00,20274.91,0.00,3319047.99
synb1_txn_e5b66db0140b397df48daa66,2026-08-09T15:00:00,0.00,55257.84,3374305.83
synb1_txn_e0664b9db327df739ee4e926,2026-08-10T15:00:00,0.00,27325.30,3401631.13
synb1_txn_df6ae698780746c754696977,2026-08-12T09:00:00,58571.97,0.00,3343059.16
synb1_txn_cb687417262d842c361c1c75,2026-08-12T15:00:00,0.00,55784.21,3398843.37
synb1_txn_391ff8ff43e39fc4df9e8ce9,2026-08-14T15:00:00,0.00,72867.47,3471710.84
synb1_txn_a66b3554b05dab1c10ddfd13,2026-08-16T15:00:00,0.00,27892.10,3499602.94
synb1_txn_6e846f0da542ae733c94b8fc,2026-08-16T15:00:00,0.00,20290.14,3519893.08
synb1_txn_97c2df6f507c2c3627093be8,2026-08-17T09:00:00,47723.11,0.00,3472169.97
synb1_txn_5322191215426a04d3d1822d,2026-08-17T15:00:00,0.00,148150.23,3620320.20
synb1_txn_f1f6169561ef02de20977318,2026-08-20T09:00:00,29195.87,0.00,3591124.33
synb1_txn_f56c718f0ed5f28f318de13e,2026-08-20T09:00:00,24816.02,0.00,3566308.31
synb1_txn_c3e56d5e149adecd22520d32,2026-08-20T15:00:00,0.00,80577.21,3646885.52
synb1_txn_2ffc0faff8b476f861c622f7,2026-08-20T15:00:00,0.00,39130.98,3686016.50
synb1_txn_73dda338232299ca453e82b3,2026-08-21T09:00:00,17346.31,0.00,3668670.19
synb1_txn_9eb81c4c48e77f6465ebc401,2026-08-21T15:00:00,0.00,57971.83,3726642.02
synb1_txn_61bb0bb810b85dd4a65fae1c,2026-08-23T09:00:00,55958.76,0.00,3670683.26
synb1_txn_b02be4bda4a871bb4f90b76a,2026-08-24T09:00:00,20500.19,0.00,3650183.07
synb1_txn_9a4dc83608d8605b0768034e,2026-08-24T15:00:00,0.00,27536.63,3677719.70
synb1_txn_a0889a8e61555a969814f3e0,2026-08-25T09:00:00,65548.07,0.00,3612171.63
synb1_txn_30ed9231b01ea66aa23b6195,2026-08-25T09:00:00,18158.70,0.00,3594012.93
synb1_txn_5534058329fe8ed6dd441044,2026-08-25T15:00:00,0.00,64413.15,3658426.08
synb1_txn_cd0e69d95d2b6b5dfd862f2e,2026-08-27T09:00:00,10813.28,0.00,3647612.80
synb1_txn_e9c0438e29e661f30b5f5f4e,2026-08-28T09:00:00,1634.25,0.00,3645978.55
synb1_txn_479f9abd5180c46147145940,2026-08-28T09:00:00,6860.00,0.00,3639118.55
synb1_txn_05521d3fb3cfb32a10b6cf10,2026-08-28T09:00:00,823.20,0.00,3638295.35
synb1_txn_323952db487e54f28cb229dd,2026-08-28T09:00:00,13380.10,0.00,3624915.25
synb1_txn_3df2f4a7b8fc9c0f11d0eda8,2026-08-30T09:00:00,14417.72,0.00,3610497.53
synb1_txn_5a1a1781ec77844cf0682030,2026-08-30T09:00:00,20749.17,0.00,3589748.36
synb1_txn_0ea76f87b5a53395cdbd7e58,2026-09-02T09:00:00,18483.17,0.00,3571265.19
synb1_txn_1856c5e4187d7d337ba0b432,2026-09-02T09:00:00,10789.58,0.00,3560475.61
synb1_txn_71995e84d02d438a471f6867,2026-09-03T09:00:00,43369.55,0.00,3517106.06
synb1_txn_dc6fe9c31ed4ad8bdd048f20,2026-09-05T09:00:00,25671.08,0.00,3491434.98
synb1_txn_e2b8a7d0990102b25592611a,2026-09-07T09:00:00,153427.96,0.00,3338007.02
synb1_txn_52cde55e0d3b02f7d54e1ec6,2026-09-11T15:00:00,0.00,49276.05,3387283.07
synb1_txn_4b844cbc93bc16cd364d0e65,2026-09-12T09:00:00,46888.73,0.00,3340394.34
synb1_txn_dc0195938507679c70a09cba,2026-09-13T09:00:00,27943.40,0.00,3312450.94
synb1_txn_16a51e7efa56b4d383adecce,2026-09-14T09:00:00,27251.56,0.00,3285199.38
synb1_txn_75faa630e6b44f9252734557,2026-09-15T09:00:00,28133.24,0.00,3257066.14
synb1_txn_34ac8834a860ea5fd6ff4430,2026-09-15T15:00:00,0.00,54751.17,3311817.31
synb1_txn_4760f1d04a434bfdbe99066c,2026-09-16T09:00:00,38422.19,0.00,3273395.12
synb1_txn_8e8441b74676c7f4e66559f8,2026-09-17T09:00:00,21801.26,0.00,3251593.86
synb1_txn_c2fea18b540f6f6885f3672c,2026-09-19T09:00:00,13465.48,0.00,3238128.38
synb1_txn_11b04f5fd0d7c49fc9d7dfea,2026-09-19T15:00:00,0.00,60226.30,3298354.68
synb1_txn_d538e67448eb7d881fa9822a,2026-09-22T09:00:00,15389.12,0.00,3282965.56
synb1_txn_6c83af44bbc63b75c7967b5f,2026-09-23T09:00:00,12591.11,0.00,3270374.45
synb1_txn_57f07f827048934d11489467,2026-09-23T15:00:00,0.00,81236.84,3351611.29
synb1_txn_721e0e27d62258fb4ce04b20,2026-09-24T09:00:00,16861.90,0.00,3334749.39
synb1_txn_c62b1d9575532faf650d9de2,2026-09-24T15:00:00,0.00,26405.34,3361154.73
synb1_txn_b28411a9b4aba534a460d1bd,2026-09-25T09:00:00,65548.07,0.00,3295606.66
synb1_txn_bbb73a73da8ca71bb8ed0ad1,2026-09-25T09:00:00,23870.62,0.00,3271736.04
synb1_txn_66939e26f8f94ac3a8d4b7aa,2026-09-26T09:00:00,22034.46,0.00,3249701.58
synb1_txn_d53679097654eb7c619a10ce,2026-09-27T09:00:00,14878.16,0.00,3234823.42
synb1_txn_6e98fc9f179d4854099d86a0,2026-09-27T15:00:00,0.00,58671.05,3293494.47
synb1_txn_97f3417cca8df828121b344f,2026-09-28T09:00:00,1634.25,0.00,3291860.22
synb1_txn_077f539c145c77f3da1f1ead,2026-09-28T09:00:00,6860.00,0.00,3285000.22
synb1_txn_24454e8e1fcd02b80f9b12b0,2026-09-28T09:00:00,823.20,0.00,3284177.02
synb1_txn_3847553825584d7ee277db3d,2026-09-28T09:00:00,16525.82,0.00,3267651.20
synb1_txn_446a89b99ff36f67499540fd,2026-09-28T15:00:00,0.00,47152.39,3314803.59
synb1_txn_32c0c1d5fa460667bf3783b7,2026-09-29T09:00:00,25392.05,0.00,3289411.54
synb1_txn_beef2a56c36fb6199f450932,2026-09-30T15:00:00,0.00,53463.56,3342875.10
synb1_txn_728471e6583efd59ed844953,2026-10-01T15:00:00,0.00,112828.95,3455704.05
synb1_txn_a82861b3917474496c692c68,2026-10-02T09:00:00,55400.84,0.00,3400303.21
synb1_txn_a37cb099e6c8a60eb4bfa7f5,2026-10-02T15:00:00,0.00,52810.70,3453113.91
synb1_txn_dcbb58b4e88a88726ff883ee,2026-10-03T09:00:00,43369.55,0.00,3409744.36
synb1_txn_2c7d18f575cafe54f6a73de8,2026-10-04T15:00:00,0.00,87485.82,3497230.18
synb1_txn_c70f4925bd50c5c2ac4272bd,2026-10-07T09:00:00,153427.96,0.00,3343802.22
synb1_txn_f6872cf69e3c3d31fc501704,2026-10-08T15:00:00,0.00,48603.25,3392405.47
synb1_txn_61a0f65ea655d3f24bac6f9a,2026-10-09T15:00:00,0.00,116253.90,3508659.37
synb1_txn_d956937497ef621a753a2193,2026-10-10T15:00:00,0.00,22896.01,3531555.38
synb1_txn_08d424da535815a590b7ba1c,2026-10-11T09:00:00,21599.74,0.00,3509955.64
synb1_txn_69d5cc102e57c1eebae32ab9,2026-10-13T15:00:00,0.00,65392.81,3575348.45
synb1_txn_a303b785c96a566b8d9de194,2026-10-14T09:00:00,22679.73,0.00,3552668.72
synb1_txn_5aa59d0121ed2c63d3a4df49,2026-10-14T15:00:00,0.00,71550.06,3624218.78
synb1_txn_7fded639195b9d92496833c6,2026-10-17T09:00:00,55679.34,0.00,3568539.44
synb1_txn_3c2b266f6142b6cc76e2990b,2026-10-17T09:00:00,18359.79,0.00,3550179.65
synb1_txn_5e107a10bbf24b1ec053342d,2026-10-17T15:00:00,0.00,87190.42,3637370.07
synb1_txn_3375463a50d922f266117b32,2026-10-18T09:00:00,21599.74,0.00,3615770.33
synb1_txn_8e54cc7d40fb0076a30dc206,2026-10-18T15:00:00,0.00,22896.03,3638666.36
synb1_txn_f1a5247d151c1bb2f17a605d,2026-10-18T15:00:00,0.00,93850.80,3732517.16
synb1_txn_fa190d8518350ba06675364b,2026-10-20T09:00:00,78606.13,0.00,3653911.03
synb1_txn_b516592e5691583541faf11e,2026-10-21T09:00:00,67967.94,0.00,3585943.09
synb1_txn_4ab64143843bb9da1dad00ce,2026-10-21T09:00:00,20399.75,0.00,3565543.34
synb1_txn_fa5f706e127899e578664855,2026-10-21T15:00:00,0.00,181646.74,3747190.08
synb1_txn_6afe5222c78d3361e431d3eb,2026-10-22T09:00:00,70864.61,0.00,3676325.47
synb1_txn_35873bd5d6f5632c09c730a0,2026-10-22T15:00:00,0.00,160887.09,3837212.56
synb1_txn_d843c9ccdb6d8c60b406de5f,2026-10-23T09:00:00,32752.56,0.00,3804460.00
synb1_txn_82f34f9805b687a55a0faf87,2026-10-23T09:00:00,29695.64,0.00,3774764.36
synb1_txn_1e2878306234a1da986dbf34,2026-10-24T09:00:00,29905.89,0.00,3744858.47
synb1_txn_2883dccf72cb47d5f9921bca,2026-10-24T09:00:00,27599.68,0.00,3717258.79
synb1_txn_b9709c793f4a7f42f30edce1,2026-10-24T15:00:00,0.00,148104.28,3865363.07
synb1_txn_977eb87bc0c5d8e78dcf3493,2026-10-24T15:00:00,0.00,50947.58,3916310.65
synb1_txn_f668e17db99aec258411b200,2026-10-25T09:00:00,65548.07,0.00,3850762.58
synb1_txn_034a5191a9419dba6b42a15a,2026-10-25T09:00:00,47243.07,0.00,3803519.51
synb1_txn_0d07cb4e40e560ddc21a3e01,2026-10-26T09:00:00,103934.77,0.00,3699584.74
synb1_txn_2a46381213d56e89b0158c95,2026-10-26T15:00:00,0.00,113961.69,3813546.43
synb1_txn_8b6ff3659150f50c57e2bb81,2026-10-27T09:00:00,76124.11,0.00,3737422.32
synb1_txn_c6482f8d9c6261404e5ac585,2026-10-27T09:00:00,53027.94,0.00,3684394.38
synb1_txn_d542fa51ea6dd7d5e30b4bed,2026-10-28T09:00:00,1634.25,0.00,3682760.13
synb1_txn_5ae6cb32b0bfc368307ee4e8,2026-10-28T09:00:00,6860.00,0.00,3675900.13
synb1_txn_36d48cbd76a23688acd35470,2026-10-28T09:00:00,823.20,0.00,3675076.93
synb1_txn_364ce0b1913bf7c5e3f20780,2026-10-28T09:00:00,76770.02,0.00,3598306.91
synb1_txn_a8ea943c9338c4126d378e71,2026-10-28T15:00:00,0.00,197472.38,3795779.29
synb1_txn_22e1a994c097de9da84f5cea,2026-10-28T15:00:00,0.00,124538.52,3920317.81
synb1_txn_514f8ed0b40fb5a2f498e95e,2026-10-29T09:00:00,33407.62,0.00,3886910.19
synb1_txn_78d9fa31856164aa380adace,2026-10-30T09:00:00,50376.54,0.00,3836533.65
synb1_txn_dd7323ab80c04e83871ef79f,2026-10-30T15:00:00,0.00,167590.75,4004124.40
synb1_txn_9585ff76189cac4b5220f631,2026-11-01T15:00:00,0.00,65824.12,4069948.52
synb1_txn_e52c7524e32d76e78196bf8a,2026-11-01T15:00:00,0.00,101895.16,4171843.68
synb1_txn_e2fef4c66c3fd944d2e939ac,2026-11-02T09:00:00,63633.55,0.00,4108210.13
synb1_txn_ef5859c0180b0e68c8ef3a35,2026-11-02T09:00:00,38776.69,0.00,4069433.44
synb1_txn_9fdf3f7d7ecf2114be277097,2026-11-03T09:00:00,43369.55,0.00,4026063.89
synb1_txn_10137dc052b023d3ef65a7cb,2026-11-05T09:00:00,103404.50,0.00,3922659.39
synb1_txn_32e29cd72510c793a49abfe5,2026-11-05T15:00:00,0.00,189244.38,4111903.77
synb1_txn_0007f49818d758ac291b6e73,2026-11-05T15:00:00,0.00,130199.38,4242103.15
synb1_txn_c99a34f60e46b4879b6d09b1,2026-11-07T09:00:00,153427.96,0.00,4088675.19
synb1_txn_f8d5f785ea6fb3c9983465b3,2026-11-08T09:00:00,38776.70,0.00,4049898.49
synb1_txn_76a048d7e636cb68812b3c01,2026-11-11T09:00:00,2494.40,0.00,4047404.09
synb1_txn_994bfb331bceef6babf0c8ef,2026-11-14T09:00:00,5669.11,0.00,4041734.98
synb1_txn_f5c9f3c9020943c4b5feb144,2026-11-14T09:00:00,5491.36,0.00,4036243.62
synb1_txn_204f6bcf808a7933df8dd873,2026-11-17T09:00:00,7207.43,0.00,4029036.19
synb1_txn_079940a93d4fa6b5420b75f7,2026-11-18T09:00:00,4434.50,0.00,4024601.69
synb1_txn_173cf4d1396bc11221e4f768,2026-11-18T09:00:00,5937.12,0.00,4018664.57
synb1_txn_24440a3411d64fc3a5d9effb,2026-11-19T09:00:00,6834.56,0.00,4011830.01
synb1_txn_ffb24ca49a84fde371d26382,2026-11-20T09:00:00,4561.20,0.00,4007268.81
synb1_txn_fc44a18efd55cbbd4b0cc21e,2026-11-21T09:00:00,15520.75,0.00,3991748.06
synb1_txn_ff211634439b06ba4b9e5dcc,2026-11-21T09:00:00,4947.60,0.00,3986800.46
synb1_txn_099fb2d9fa56e4419fef78d6,2026-11-21T15:00:00,0.00,4415.09,3991215.55
synb1_txn_835a85f6f1fc2a6caf32322c,2026-11-22T09:00:00,9492.46,0.00,3981723.09
synb1_txn_d0c715ecdb67b5ba84eaf9ee,2026-11-22T09:00:00,4812.95,0.00,3976910.14
synb1_txn_8853624f606e1cc81a969eaa,2026-11-23T09:00:00,15394.05,0.00,3961516.09
synb1_txn_ad0eba0be8421eed31201bcd,2026-11-25T09:00:00,65548.07,0.00,3895968.02
synb1_txn_e778b25b5f26a9e6bb272962,2026-11-25T09:00:00,4257.61,0.00,3891710.41
synb1_txn_47e38d733c774e0b42fcbc63,2026-11-25T15:00:00,0.00,10301.89,3902012.30
synb1_txn_6cd545c0f3293d24eb440711,2026-11-28T15:00:00,0.00,9365.35,3911377.65
synb1_txn_467edca5cc426f306deb2c39,2026-11-29T15:00:00,0.00,16025.15,3927402.80
synb1_txn_c9db51c283da54937187bca5,2026-11-29T15:00:00,0.00,12754.73,3940157.53
synb1_txn_64cff8f289074dc6f6cff806,2026-11-30T09:00:00,105234.87,0.00,3834922.66
synb1_txn_2ae8e60b5bf62f0174724ec8,2026-11-30T09:00:00,19950.00,0.00,3814972.66
synb1_txn_4c89a012ae3af7c527e5d408,2026-11-30T09:00:00,2394.00,0.00,3812578.66
synb1_txn_4bf455e48f9afcf5ee747dc7,2026-12-01T09:00:00,3109.90,0.00,3809468.76
synb1_txn_38e9cc8498063c8fbf635a10,2026-12-02T15:00:00,0.00,26222.98,3835691.74
synb1_txn_54bc6424b5ab4bb098a43ef8,2026-12-03T09:00:00,43369.55,0.00,3792322.19
synb1_txn_50da4fce8e6aaeeb2ad2488a,2026-12-03T15:00:00,0.00,21748.42,3814070.61
synb1_txn_f7d640693669fac035e227e0,2026-12-04T09:00:00,7774.78,0.00,3806295.83
synb1_txn_108fc1cdaa0391ad1ad083fc,2026-12-04T15:00:00,0.00,14801.56,3821097.39
synb1_txn_3813a49292cb37864eedb4f3,2026-12-06T15:00:00,0.00,26222.99,3847320.38
synb1_txn_d5ae1fabaede79e93d5e1c47,2026-12-07T09:00:00,153427.96,0.00,3693892.42
synb1_txn_87719e01aaff53b71c81746b,2026-12-07T15:00:00,0.00,20603.78,3714496.20
synb1_txn_82b105937722bacbcd871a87,2026-12-08T15:00:00,0.00,7104.74,3721600.94
synb1_txn_b35a39d7465e38b9df6f848f,2026-12-12T15:00:00,0.00,12433.32,3734034.26
synb1_txn_fce0501dc3c3be400195cae2,2026-12-13T09:00:00,53511.85,0.00,3680522.41
synb1_txn_177a4aca7978b349005905f0,2026-12-16T09:00:00,45062.61,0.00,3635459.80
synb1_txn_3c1f13442428906c242a8c57,2026-12-17T09:00:00,51937.97,0.00,3583521.83
synb1_txn_da78a874d3533a050285343e,2026-12-17T15:00:00,0.00,103180.55,3686702.38
synb1_txn_e84fedcef336f437d19d1fde,2026-12-19T09:00:00,61961.11,0.00,3624741.27
synb1_txn_5b87b61b6d0972d9af1ff5ab,2026-12-20T09:00:00,132205.76,0.00,3492535.51
synb1_txn_08b131a2a3ebf4f1c7a22ad7,2026-12-20T09:00:00,41029.37,0.00,3451506.14
synb1_txn_b5387c81f8683605b6cd3a43,2026-12-20T15:00:00,0.00,143555.55,3595061.69
synb1_txn_ab9ea6fe358d1a698144b8eb,2026-12-21T15:00:00,0.00,262641.41,3857703.10
synb1_txn_78e57d4a0124ab8a1324875a,2026-12-23T09:00:00,42494.72,0.00,3815208.38
synb1_txn_98b0b4fcf7e0059259db3e9a,2026-12-23T09:00:00,26376.02,0.00,3788832.36
synb1_txn_bbfaffa9f55495a7f944bd14,2026-12-24T15:00:00,0.00,173777.77,3962610.13
synb1_txn_73069815d6760c505ef3c51a,2026-12-24T15:00:00,0.00,63600.56,4026210.69
synb1_txn_17b6a4aff42c8735697f156f,2026-12-25T09:00:00,65548.07,0.00,3960662.62
synb1_txn_67f94e98160a57e3bb7e73b9,2026-12-25T09:00:00,39661.72,0.00,3921000.90
synb1_txn_d4bf245c840712d4d8f0ed37,2026-12-25T15:00:00,0.00,262641.41,4183642.31
synb1_txn_50982b77b33416f01420f001,2026-12-26T09:00:00,17584.03,0.00,4166058.28
synb1_txn_79213c1172f835395e328359,2026-12-26T09:00:00,73324.20,0.00,4092734.08
synb1_txn_699b7e880eb684a986798b69,2026-12-28T09:00:00,1820.00,0.00,4090914.08
synb1_txn_5d587b2d3341de4125369119,2026-12-28T09:00:00,218.40,0.00,4090695.68
synb1_txn_d8d171a8cf1a3f838f123280,2026-12-28T09:00:00,29085.26,0.00,4061610.42
synb1_txn_ed58ae02289efdb61c9d425d,2026-12-28T15:00:00,0.00,158666.66,4220277.08
synb1_txn_444c9279ebced2713040f37c,2026-12-28T15:00:00,0.00,171721.52,4391998.60
synb1_txn_831f3c3dbe5f39be135e74a5,2026-12-29T09:00:00,33329.18,0.00,4358669.42
synb1_txn_fbb0e3318c69ef0ff0a490d6,2026-12-29T09:00:00,36106.62,0.00,4322562.80
synb1_txn_d12125f5a9a2fb6548478df0,2026-12-29T15:00:00,0.00,196981.07,4519543.87
synb1_txn_86ff6e63d8d098fadd187eb0,2026-12-30T09:00:00,74197.11,0.00,4445346.76
synb1_txn_a2c2c7d1e1be80f9edc80f29,2026-12-31T09:00:00,63458.78,0.00,4381887.98
