transaction_id,booking_datetime,direction_cn,amount_cny,cash_flow_type_cn,usage_scope_cn
synb1_txn_957bdacbc4a32fc9d92d2713,2024-01-01T09:00:00,流入,6370000.00,股东注资或股东借款,仅供人工查看；不得作为模型输入或导入数据库
synb1_txn_54a0027132014594d9130e3e,2024-01-02T15:00:00,流入,18024.79,客户支付已交付订单款,仅供人工查看；不得作为模型输入或导入数据库
synb1_txn_b5b143b65fadb2af4bca80d1,2024-01-05T09:00:00,流出,26000.00,支付租赁及场地费用,仅供人工查看；不得作为模型输入或导入数据库
synb1_txn_bc312b10558461e61c964e4b,2024-01-05T15:00:00,流入,10909.86,客户支付已交付订单款,仅供人工查看；不得作为模型输入或导入数据库
synb1_txn_62a8c0a4aed72e40f389e705,2024-01-06T15:00:00,流入,34327.12,客户支付已交付订单款,仅供人工查看；不得作为模型输入或导入数据库
synb1_txn_51e9a98e5388ea8001cbb504,2024-01-07T09:00:00,流出,125000.00,支付当期工资,仅供人工查看；不得作为模型输入或导入数据库
synb1_txn_9a9a48e09ef9c6cfa4c23b21,2024-01-07T15:00:00,流入,206506.81,客户支付已交付订单款,仅供人工查看；不得作为模型输入或导入数据库
synb1_txn_199d03b376bd2761fa04a665,2024-01-13T09:00:00,流出,234093.27,支付已承诺材料及外协款,仅供人工查看；不得作为模型输入或导入数据库
synb1_txn_cb54a48455b71dfe090d2036,2024-01-17T09:00:00,流出,1734.01,支付经营维护费用,仅供人工查看；不得作为模型输入或导入数据库
synb1_txn_77eabc208d84f6b245312d55,2024-01-18T09:00:00,流出,12253.42,支付经营维护费用,仅供人工查看；不得作为模型输入或导入数据库
synb1_txn_fb25c782708d35ca64d87cc7,2024-01-19T09:00:00,流出,629603.85,支付已承诺材料及外协款,仅供人工查看；不得作为模型输入或导入数据库
synb1_txn_6fba35b0360555d5e1b4282b,2024-01-23T09:00:00,流出,620000.00,支付设备合同分期款,仅供人工查看；不得作为模型输入或导入数据库
synb1_txn_b4fe444d092d10fab144939a,2024-01-24T15:00:00,流入,51265.35,客户支付已交付订单款,仅供人工查看；不得作为模型输入或导入数据库
synb1_txn_b7d04d8d7d41398b5863d6f7,2024-01-25T15:00:00,流入,2905.16,客户支付已交付订单款,仅供人工查看；不得作为模型输入或导入数据库
synb1_txn_da420e07864342263c5fd313,2024-01-26T09:00:00,流出,7012.57,支付经营维护费用,仅供人工查看；不得作为模型输入或导入数据库
synb1_txn_4b35045e338acb31763a7238,2024-01-28T15:00:00,流入,99546.91,客户支付已交付订单款,仅供人工查看；不得作为模型输入或导入数据库
synb1_txn_bc30f909e22c894424dc1a4a,2024-02-03T09:00:00,流出,1270.28,支付经营维护费用,仅供人工查看；不得作为模型输入或导入数据库
synb1_txn_ba10fd9d373029a524b3939f,2024-02-05T09:00:00,流出,26000.00,支付租赁及场地费用,仅供人工查看；不得作为模型输入或导入数据库
synb1_txn_97d6bff68d903b48f1eaffb2,2024-02-05T15:00:00,流入,7078.19,客户支付已交付订单款,仅供人工查看；不得作为模型输入或导入数据库
synb1_txn_406c04d946631f4fc66784a6,2024-02-05T15:00:00,流入,9034.31,客户支付已交付订单款,仅供人工查看；不得作为模型输入或导入数据库
synb1_txn_c0020cbdb9cf99fdfb061c43,2024-02-07T09:00:00,流出,125000.00,支付当期工资,仅供人工查看；不得作为模型输入或导入数据库
synb1_txn_ef8a839a75a566ccdc8e32c2,2024-02-07T09:00:00,流出,216103.98,支付已承诺材料及外协款,仅供人工查看；不得作为模型输入或导入数据库
synb1_txn_5af1060929754370c342b88d,2024-02-08T09:00:00,流出,11975.09,支付经营维护费用,仅供人工查看；不得作为模型输入或导入数据库
synb1_txn_431baa643cedc976584ce42d,2024-02-11T15:00:00,流入,152051.92,客户支付已交付订单款,仅供人工查看；不得作为模型输入或导入数据库
synb1_txn_f6eb703d5ed15a26054cc7c1,2024-02-11T15:00:00,流入,250248.94,客户支付已交付订单款,仅供人工查看；不得作为模型输入或导入数据库
synb1_txn_56b5e96df43c65fb1652e4a1,2024-02-12T09:00:00,流出,4344.10,支付经营维护费用,仅供人工查看；不得作为模型输入或导入数据库
synb1_txn_755cedd687e4b3f32c3ce522,2024-02-12T15:00:00,流入,45944.52,客户支付已交付订单款,仅供人工查看；不得作为模型输入或导入数据库
synb1_txn_9fec6d1a84e674747fec6a56,2024-02-12T15:00:00,流入,176795.20,客户支付已交付订单款,仅供人工查看；不得作为模型输入或导入数据库
synb1_txn_4f59df5e8b62640e14d16b9b,2024-02-13T09:00:00,流出,3410.53,支付经营维护费用,仅供人工查看；不得作为模型输入或导入数据库
synb1_txn_ef77ea162ba171c2a404fab9,2024-02-13T09:00:00,流出,98906.10,支付已承诺材料及外协款,仅供人工查看；不得作为模型输入或导入数据库
synb1_txn_2342fccd4ef5a10f797a7098,2024-02-13T09:00:00,流出,16476.30,支付已承诺材料及外协款,仅供人工查看；不得作为模型输入或导入数据库
synb1_txn_58cc17e16350dd49c9a49a36,2024-02-16T09:00:00,流出,64523.26,支付已承诺材料及外协款,仅供人工查看；不得作为模型输入或导入数据库
synb1_txn_08533bd74153ecf0b4b1dbc5,2024-02-17T15:00:00,流入,102869.15,客户支付已交付订单款,仅供人工查看；不得作为模型输入或导入数据库
synb1_txn_e375e37e4354c54054fa9a40,2024-02-18T09:00:00,流出,10083.00,缴纳模拟增值税,仅供人工查看；不得作为模型输入或导入数据库
synb1_txn_e9559aae77a0f2c0bb1a52bd,2024-02-18T09:00:00,流出,1209.96,缴纳附加税,仅供人工查看；不得作为模型输入或导入数据库
synb1_txn_1a852a45b591ecdb714cdf0e,2024-02-19T09:00:00,流出,99594.84,支付已承诺材料及外协款,仅供人工查看；不得作为模型输入或导入数据库
synb1_txn_9ad16598943cdbda47abcf48,2024-02-19T09:00:00,流出,292046.48,支付已承诺材料及外协款,仅供人工查看；不得作为模型输入或导入数据库
synb1_txn_95bea9331ef47bf4b7907981,2024-02-20T09:00:00,流出,480000.00,支付设备合同分期款,仅供人工查看；不得作为模型输入或导入数据库
synb1_txn_c7cb45a8cbfad4f75474df9c,2024-02-20T15:00:00,流入,7360.64,客户支付已交付订单款,仅供人工查看；不得作为模型输入或导入数据库
synb1_txn_b7851c716c4b3cd119eb064e,2024-02-22T15:00:00,流入,12105.60,客户支付已交付订单款,仅供人工查看；不得作为模型输入或导入数据库
synb1_txn_15a6b29e7b0ca29c90cd8b85,2024-02-23T09:00:00,流出,77387.86,支付已承诺材料及外协款,仅供人工查看；不得作为模型输入或导入数据库
synb1_txn_b02df7e4533a387049d669ae,2024-02-24T09:00:00,流出,67312.92,支付已承诺材料及外协款,仅供人工查看；不得作为模型输入或导入数据库
synb1_txn_7c5db713224c641ad6d949eb,2024-02-24T15:00:00,流入,72610.37,客户支付已交付订单款,仅供人工查看；不得作为模型输入或导入数据库
synb1_txn_a8941a9a71a3c721a60eca4a,2024-02-26T15:00:00,流入,67459.27,客户支付已交付订单款,仅供人工查看；不得作为模型输入或导入数据库
synb1_txn_d82f81e4852701825051ee97,2024-02-27T09:00:00,流出,10628.10,支付已承诺材料及外协款,仅供人工查看；不得作为模型输入或导入数据库
synb1_txn_c55c0ac2637ca9b24b698708,2024-02-27T15:00:00,流入,109193.89,客户支付已交付订单款,仅供人工查看；不得作为模型输入或导入数据库
synb1_txn_eb8c2aa4cde6051689e8d8ee,2024-03-02T15:00:00,流入,20510.62,客户支付已交付订单款,仅供人工查看；不得作为模型输入或导入数据库
synb1_txn_96583096a0607ab54ee4e549,2024-03-03T15:00:00,流入,8169.57,客户支付已交付订单款,仅供人工查看；不得作为模型输入或导入数据库
synb1_txn_4925e8b62e892db42ed2b052,2024-03-03T15:00:00,流入,57659.66,客户支付已交付订单款,仅供人工查看；不得作为模型输入或导入数据库
synb1_txn_9290532227b8647e3c1c3101,2024-03-03T15:00:00,流入,14655.23,客户支付已交付订单款,仅供人工查看；不得作为模型输入或导入数据库
synb1_txn_97b463b4bef4478d237be5f7,2024-03-03T15:00:00,流入,30370.18,客户支付已交付订单款,仅供人工查看；不得作为模型输入或导入数据库
synb1_txn_63d7f67f00e6e2d61cb4f2d7,2024-03-05T09:00:00,流出,26000.00,支付租赁及场地费用,仅供人工查看；不得作为模型输入或导入数据库
synb1_txn_9d388fc6959f6aecce880315,2024-03-05T15:00:00,流入,132952.73,客户支付已交付订单款,仅供人工查看；不得作为模型输入或导入数据库
synb1_txn_acaad4627af5e89aee025fb6,2024-03-06T15:00:00,流入,128727.18,客户支付已交付订单款,仅供人工查看；不得作为模型输入或导入数据库
synb1_txn_0e8b15a5d18aca2779e36c89,2024-03-07T09:00:00,流出,125000.00,支付当期工资,仅供人工查看；不得作为模型输入或导入数据库
synb1_txn_16a2a439bcd826ce8bc20040,2024-03-07T09:00:00,流出,58864.59,支付已承诺材料及外协款,仅供人工查看；不得作为模型输入或导入数据库
synb1_txn_0f68e50d088b7f201b93bd32,2024-03-07T15:00:00,流入,31761.11,客户支付已交付订单款,仅供人工查看；不得作为模型输入或导入数据库
synb1_txn_ff88e5b35d282e33eb3f47be,2024-03-08T15:00:00,流入,53918.91,客户支付已交付订单款,仅供人工查看；不得作为模型输入或导入数据库
synb1_txn_049a7564eaf86db49ae3be09,2024-03-10T09:00:00,流出,63328.97,支付已承诺材料及外协款,仅供人工查看；不得作为模型输入或导入数据库
synb1_txn_1114df6efe57d5913a230a01,2024-03-11T09:00:00,流出,5791.62,支付经营维护费用,仅供人工查看；不得作为模型输入或导入数据库
synb1_txn_3b29433b2c4bdfb5c2f558c9,2024-03-12T09:00:00,流出,6184.00,支付已承诺材料及外协款,仅供人工查看；不得作为模型输入或导入数据库
synb1_txn_13b9685baeb9da1ada70d1c7,2024-03-12T15:00:00,流入,58.15,客户支付已交付订单款,仅供人工查看；不得作为模型输入或导入数据库
synb1_txn_c2367adb449ad6734fd890f5,2024-03-13T09:00:00,流出,1973.54,支付已承诺材料及外协款,仅供人工查看；不得作为模型输入或导入数据库
synb1_txn_55d7353a3260bcd8c553db28,2024-03-13T15:00:00,流入,7368.97,客户支付已交付订单款,仅供人工查看；不得作为模型输入或导入数据库
synb1_txn_c8d84f5956c2e79a681b0ba8,2024-03-13T15:00:00,流入,49093.63,客户支付已交付订单款,仅供人工查看；不得作为模型输入或导入数据库
synb1_txn_324d753e725a8f12dec6fadf,2024-03-14T15:00:00,流入,202164.98,客户支付已交付订单款,仅供人工查看；不得作为模型输入或导入数据库
synb1_txn_d3521c8dd97807d06be2803d,2024-03-17T09:00:00,流出,113.78,支付经营维护费用,仅供人工查看；不得作为模型输入或导入数据库
synb1_txn_1784f8e287f0ad3f7bf36904,2024-03-17T09:00:00,流出,32676.08,支付已承诺材料及外协款,仅供人工查看；不得作为模型输入或导入数据库
synb1_txn_8d0c75a38ed2c6253f413599,2024-03-18T09:00:00,流出,10189.00,缴纳模拟增值税,仅供人工查看；不得作为模型输入或导入数据库
synb1_txn_93d4eb2316851685fcc3aa5a,2024-03-18T09:00:00,流出,1222.68,缴纳附加税,仅供人工查看；不得作为模型输入或导入数据库
synb1_txn_f0c387e345aa4b00bbdbd6e0,2024-03-19T09:00:00,流出,17432.17,支付已承诺材料及外协款,仅供人工查看；不得作为模型输入或导入数据库
synb1_txn_cc288b9fe6ff50fe2175e170,2024-03-19T09:00:00,流出,2116.24,支付已承诺材料及外协款,仅供人工查看；不得作为模型输入或导入数据库
synb1_txn_690a61a1929c3c1cb6493d99,2024-03-19T15:00:00,流入,39569.08,客户支付已交付订单款,仅供人工查看；不得作为模型输入或导入数据库
synb1_txn_c89100962eec2dd019579bf2,2024-03-21T09:00:00,流出,95295.47,支付已承诺材料及外协款,仅供人工查看；不得作为模型输入或导入数据库
synb1_txn_d1001f518c75713b8bba658f,2024-03-21T09:00:00,流出,6232.68,支付已承诺材料及外协款,仅供人工查看；不得作为模型输入或导入数据库
synb1_txn_eaf2456055d0e506f1262bfe,2024-03-22T09:00:00,流出,15393.03,支付已承诺材料及外协款,仅供人工查看；不得作为模型输入或导入数据库
synb1_txn_ce39da3de03e9ba42b8915a3,2024-03-22T09:00:00,流出,103222.33,支付已承诺材料及外协款,仅供人工查看；不得作为模型输入或导入数据库
synb1_txn_84cf1052f683aabf2b40b49a,2024-03-23T09:00:00,流出,98546.50,支付已承诺材料及外协款,仅供人工查看；不得作为模型输入或导入数据库
synb1_txn_b5ccc416ba3a8fb01b9c6773,2024-03-28T09:00:00,流出,14775.65,支付经营维护费用,仅供人工查看；不得作为模型输入或导入数据库
synb1_txn_28b2950bb090cee1b527ee87,2024-03-28T09:00:00,流出,318.95,支付经营维护费用,仅供人工查看；不得作为模型输入或导入数据库
synb1_txn_164f708474552f27a46e34bb,2024-04-04T09:00:00,流出,109712.14,支付已承诺材料及外协款,仅供人工查看；不得作为模型输入或导入数据库
synb1_txn_699de7ee869569306f02748b,2024-04-04T15:00:00,流入,15576.70,客户支付已交付订单款,仅供人工查看；不得作为模型输入或导入数据库
synb1_txn_c415d3d25bc848f7594cfba4,2024-04-05T09:00:00,流出,26000.00,支付租赁及场地费用,仅供人工查看；不得作为模型输入或导入数据库
synb1_txn_ec833048096a03e5297273fb,2024-04-07T09:00:00,流出,125000.00,支付当期工资,仅供人工查看；不得作为模型输入或导入数据库
synb1_txn_5981c49a55231491a7513b5b,2024-04-08T09:00:00,流出,4421.30,支付经营维护费用,仅供人工查看；不得作为模型输入或导入数据库
synb1_txn_9918e9aaa3090b996c9054ca,2024-04-08T09:00:00,流出,3326.23,支付经营维护费用,仅供人工查看；不得作为模型输入或导入数据库
synb1_txn_2a4df8f7d57c7eeeaef17f2f,2024-04-08T15:00:00,流入,34856.82,客户支付已交付订单款,仅供人工查看；不得作为模型输入或导入数据库
synb1_txn_7d3e37cf64d9a6be5ccf8fcb,2024-04-14T09:00:00,流出,28788.16,支付已承诺材料及外协款,仅供人工查看；不得作为模型输入或导入数据库
synb1_txn_146a80c0cf20565ff50ad4b3,2024-04-14T15:00:00,流入,212075.78,客户支付已交付订单款,仅供人工查看；不得作为模型输入或导入数据库
synb1_txn_9de51e64940e0e589ab5bd20,2024-04-17T09:00:00,流出,201326.27,支付已承诺材料及外协款,仅供人工查看；不得作为模型输入或导入数据库
synb1_txn_208360d303f704e05c5d0c6f,2024-04-17T09:00:00,流出,131511.49,支付已承诺材料及外协款,仅供人工查看；不得作为模型输入或导入数据库
synb1_txn_430973e69b3652c57be5c2d9,2024-04-18T09:00:00,流出,4429.00,缴纳模拟增值税,仅供人工查看；不得作为模型输入或导入数据库
synb1_txn_0646195328075a9f7c5306ff,2024-04-18T09:00:00,流出,531.48,缴纳附加税,仅供人工查看；不得作为模型输入或导入数据库
synb1_txn_9f5f3aa778c07e9354167506,2024-04-18T09:00:00,流出,1476.17,支付已承诺材料及外协款,仅供人工查看；不得作为模型输入或导入数据库
synb1_txn_da6060266dbc21c6bf0ae48b,2024-04-20T09:00:00,流出,7791.52,支付已承诺材料及外协款,仅供人工查看；不得作为模型输入或导入数据库
synb1_txn_88477a5bbd285662744462e5,2024-04-21T15:00:00,流入,51009.60,客户支付已交付订单款,仅供人工查看；不得作为模型输入或导入数据库
synb1_txn_b008a7f2a45dd48ec6eb5131,2024-04-22T09:00:00,流出,561.94,支付已承诺材料及外协款,仅供人工查看；不得作为模型输入或导入数据库
synb1_txn_64b159efa259ee98f74a76b0,2024-04-22T15:00:00,流入,29229.52,客户支付已交付订单款,仅供人工查看；不得作为模型输入或导入数据库
synb1_txn_27713d3429287c1ef57d2342,2024-04-22T15:00:00,流入,95503.13,客户支付已交付订单款,仅供人工查看；不得作为模型输入或导入数据库
synb1_txn_2c3ce0442002903cef8fd75e,2024-04-22T15:00:00,流入,73764.25,客户支付已交付订单款,仅供人工查看；不得作为模型输入或导入数据库
synb1_txn_63e9f3e717bb24ca630381ff,2024-04-24T15:00:00,流入,33616.20,客户支付已交付订单款,仅供人工查看；不得作为模型输入或导入数据库
synb1_txn_696af7b6e2fad7a7db3da2ab,2024-04-25T09:00:00,流出,54097.62,支付已承诺材料及外协款,仅供人工查看；不得作为模型输入或导入数据库
synb1_txn_be1a8656c5f8ca3ccb7ecf8c,2024-04-25T09:00:00,流出,2291.12,支付已承诺材料及外协款,仅供人工查看；不得作为模型输入或导入数据库
synb1_txn_e95c272910ad5e9f53ad3599,2024-04-26T09:00:00,流出,20089.01,支付已承诺材料及外协款,仅供人工查看；不得作为模型输入或导入数据库
synb1_txn_e3e5190d3d9073e1b74f3bcd,2024-04-28T09:00:00,流出,13252.47,支付经营维护费用,仅供人工查看；不得作为模型输入或导入数据库
synb1_txn_46ec37a3a6d92f98b2b80c8a,2024-05-02T09:00:00,流出,6635.65,支付已承诺材料及外协款,仅供人工查看；不得作为模型输入或导入数据库
synb1_txn_0c88157ce258e1f3aeea7d41,2024-05-04T15:00:00,流入,119177.45,客户支付已交付订单款,仅供人工查看；不得作为模型输入或导入数据库
synb1_txn_6742e07789a31b8517cdb5cf,2024-05-05T09:00:00,流出,26000.00,支付租赁及场地费用,仅供人工查看；不得作为模型输入或导入数据库
synb1_txn_e6633512283b70af1df9e94a,2024-05-06T09:00:00,流出,8372.89,支付经营维护费用,仅供人工查看；不得作为模型输入或导入数据库
synb1_txn_30035c3fe0333f3a95fc6ce8,2024-05-06T09:00:00,流出,96977.87,支付已承诺材料及外协款,仅供人工查看；不得作为模型输入或导入数据库
synb1_txn_f1ceaf92c5e43a6b7edcd3eb,2024-05-06T15:00:00,流入,8290.20,客户支付已交付订单款,仅供人工查看；不得作为模型输入或导入数据库
synb1_txn_7648481289cfdaae78b0c2ec,2024-05-07T09:00:00,流出,112000.00,支付当期工资,仅供人工查看；不得作为模型输入或导入数据库
synb1_txn_65337c3a51a0ea4f957e8ede,2024-05-07T15:00:00,流入,168306.26,客户支付已交付订单款,仅供人工查看；不得作为模型输入或导入数据库
synb1_txn_43b408da067a2edf0a4c9c26,2024-05-08T09:00:00,流出,19745.49,支付已承诺材料及外协款,仅供人工查看；不得作为模型输入或导入数据库
synb1_txn_d8cfea23da43a53bac792265,2024-05-09T09:00:00,流出,45842.93,支付已承诺材料及外协款,仅供人工查看；不得作为模型输入或导入数据库
synb1_txn_4f24a5b34951295066421f89,2024-05-09T09:00:00,流出,59570.83,支付已承诺材料及外协款,仅供人工查看；不得作为模型输入或导入数据库
synb1_txn_c62c111361917a4749593f2d,2024-05-09T15:00:00,流入,168355.07,客户支付已交付订单款,仅供人工查看；不得作为模型输入或导入数据库
synb1_txn_c292d7cefcc9c766686d3428,2024-05-10T15:00:00,流入,35866.96,客户支付已交付订单款,仅供人工查看；不得作为模型输入或导入数据库
synb1_txn_09735be939644e414272496d,2024-05-11T09:00:00,流出,8541.37,支付已承诺材料及外协款,仅供人工查看；不得作为模型输入或导入数据库
synb1_txn_9ae6466d63ecad55c921ba2f,2024-05-12T09:00:00,流出,4084.82,支付经营维护费用,仅供人工查看；不得作为模型输入或导入数据库
synb1_txn_33d7af100f882bbf2cae6b3a,2024-05-13T09:00:00,流出,1542.29,支付经营维护费用,仅供人工查看；不得作为模型输入或导入数据库
synb1_txn_29971f9f8445da360e7f9b0c,2024-05-13T15:00:00,流入,322027.11,客户支付已交付订单款,仅供人工查看；不得作为模型输入或导入数据库
synb1_txn_8777870582b535696ec97b4f,2024-05-14T09:00:00,流出,14513.08,支付已承诺材料及外协款,仅供人工查看；不得作为模型输入或导入数据库
synb1_txn_34959aba0bb645ff1912eee7,2024-05-15T15:00:00,流入,218289.47,客户支付已交付订单款,仅供人工查看；不得作为模型输入或导入数据库
synb1_txn_fcbcb5066b4780ed7754694c,2024-05-17T15:00:00,流入,3660.09,客户支付已交付订单款,仅供人工查看；不得作为模型输入或导入数据库
synb1_txn_24d0b900e18385678308c028,2024-05-19T09:00:00,流出,509.07,支付已承诺材料及外协款,仅供人工查看；不得作为模型输入或导入数据库
synb1_txn_97f76638abc538bae7f94d03,2024-05-19T15:00:00,流入,102097.80,客户支付已交付订单款,仅供人工查看；不得作为模型输入或导入数据库
synb1_txn_78d040c7269333ce53a46779,2024-05-20T09:00:00,流出,6875.00,缴纳模拟增值税,仅供人工查看；不得作为模型输入或导入数据库
synb1_txn_ffab697e685b97bc2912913f,2024-05-20T09:00:00,流出,825.00,缴纳附加税,仅供人工查看；不得作为模型输入或导入数据库
synb1_txn_df32d3784ac0ce8349f6303d,2024-05-22T09:00:00,流出,93532.60,支付已承诺材料及外协款,仅供人工查看；不得作为模型输入或导入数据库
synb1_txn_378c32bd1f5efe24df7512a2,2024-05-25T09:00:00,流出,92264.82,支付已承诺材料及外协款,仅供人工查看；不得作为模型输入或导入数据库
synb1_txn_1420d805973e880e6a8b01db,2024-05-25T15:00:00,流入,5459.59,客户支付已交付订单款,仅供人工查看；不得作为模型输入或导入数据库
synb1_txn_bded0767cfa6cf1ca47dd89f,2024-05-26T09:00:00,流出,4122.72,支付已承诺材料及外协款,仅供人工查看；不得作为模型输入或导入数据库
synb1_txn_fe5812e9643896e720d431ed,2024-05-27T09:00:00,流出,67494.81,支付已承诺材料及外协款,仅供人工查看；不得作为模型输入或导入数据库
synb1_txn_8a2c23ad139f52143d0713a4,2024-06-02T09:00:00,流出,43561.43,支付已承诺材料及外协款,仅供人工查看；不得作为模型输入或导入数据库
synb1_txn_8d02814c6f0ed2e2fa07b52c,2024-06-03T09:00:00,流出,4261.40,支付已承诺材料及外协款,仅供人工查看；不得作为模型输入或导入数据库
synb1_txn_4a2a7943ad06fe68c95d8d9b,2024-06-04T15:00:00,流入,150014.05,客户支付已交付订单款,仅供人工查看；不得作为模型输入或导入数据库
synb1_txn_3cf53a953e25002a2964e200,2024-06-04T15:00:00,流入,24473.59,客户支付已交付订单款,仅供人工查看；不得作为模型输入或导入数据库
synb1_txn_ed27d936689a0564ce112caf,2024-06-05T09:00:00,流出,26000.00,支付租赁及场地费用,仅供人工查看；不得作为模型输入或导入数据库
synb1_txn_c5506df13e89a683968718b0,2024-06-05T09:00:00,流出,1188.63,支付已承诺材料及外协款,仅供人工查看；不得作为模型输入或导入数据库
synb1_txn_632303480fe3c84a36ca8a44,2024-06-06T15:00:00,流入,79064.66,客户支付已交付订单款,仅供人工查看；不得作为模型输入或导入数据库
synb1_txn_2646f7ec5b49dd52d409f6d6,2024-06-07T09:00:00,流出,112000.00,支付当期工资,仅供人工查看；不得作为模型输入或导入数据库
synb1_txn_9c212979bb8b8d0cb02665ed,2024-06-07T15:00:00,流入,165071.43,客户支付已交付订单款,仅供人工查看；不得作为模型输入或导入数据库
synb1_txn_87bd60e29ed7d89fbcf92867,2024-06-09T09:00:00,流出,598982.38,支付已承诺材料及外协款,仅供人工查看；不得作为模型输入或导入数据库
synb1_txn_5789ebe86b007d5b66d0891b,2024-06-11T09:00:00,流出,99300.88,支付已承诺材料及外协款,仅供人工查看；不得作为模型输入或导入数据库
synb1_txn_53ef0bbbaa04bb09ad7b84dc,2024-06-12T15:00:00,流入,40.92,客户支付已交付订单款,仅供人工查看；不得作为模型输入或导入数据库
synb1_txn_f729228bce5a20d85eec4658,2024-06-12T15:00:00,流入,97298.73,客户支付已交付订单款,仅供人工查看；不得作为模型输入或导入数据库
synb1_txn_7764a29600bdddf0d0511658,2024-06-13T09:00:00,流出,11925.22,支付已承诺材料及外协款,仅供人工查看；不得作为模型输入或导入数据库
synb1_txn_db6c78dcb4a014d42c8f430f,2024-06-13T15:00:00,流入,1064.20,客户支付已交付订单款,仅供人工查看；不得作为模型输入或导入数据库
synb1_txn_b4f477e50ed382c9eb7d62ad,2024-06-15T09:00:00,流出,5061.10,支付已承诺材料及外协款,仅供人工查看；不得作为模型输入或导入数据库
synb1_txn_ae9863c2e08baff7ac05cdaa,2024-06-15T15:00:00,流入,24538.56,客户支付已交付订单款,仅供人工查看；不得作为模型输入或导入数据库
synb1_txn_3e55167312d1189ac4640c06,2024-06-16T09:00:00,流出,8209.96,支付经营维护费用,仅供人工查看；不得作为模型输入或导入数据库
synb1_txn_4b8c16ac58b66593a96d1019,2024-06-16T09:00:00,流出,2611.77,支付经营维护费用,仅供人工查看；不得作为模型输入或导入数据库
synb1_txn_c261786528e6a15a1f1f9c5a,2024-06-16T09:00:00,流出,2325.76,支付经营维护费用,仅供人工查看；不得作为模型输入或导入数据库
synb1_txn_c3981518885a005856e8087f,2024-06-18T09:00:00,流出,43287.37,缴纳企业所得税,仅供人工查看；不得作为模型输入或导入数据库
synb1_txn_16434c593f2501e54f139e05,2024-06-18T09:00:00,流出,10754.00,缴纳模拟增值税,仅供人工查看；不得作为模型输入或导入数据库
synb1_txn_564ba15ea391c94ced0da5e2,2024-06-18T09:00:00,流出,1290.48,缴纳附加税,仅供人工查看；不得作为模型输入或导入数据库
synb1_txn_cd41caac58918aec745867f4,2024-06-18T09:00:00,流出,10050.13,支付已承诺材料及外协款,仅供人工查看；不得作为模型输入或导入数据库
synb1_txn_6644103394797e3d93d0e3df,2024-06-19T15:00:00,流入,43424.02,客户支付已交付订单款,仅供人工查看；不得作为模型输入或导入数据库
synb1_txn_5a47a196947b1abf06cb0551,2024-06-21T09:00:00,流出,99063.40,支付已承诺材料及外协款,仅供人工查看；不得作为模型输入或导入数据库
synb1_txn_0a53e66606f975ab60b2296a,2024-06-22T09:00:00,流出,852.51,支付经营维护费用,仅供人工查看；不得作为模型输入或导入数据库
synb1_txn_ced31fec4b28defea4a39263,2024-06-23T15:00:00,流入,26570.40,客户支付已交付订单款,仅供人工查看；不得作为模型输入或导入数据库
synb1_txn_0ef61608d035211a1eec129b,2024-06-24T15:00:00,流入,72702.75,客户支付已交付订单款,仅供人工查看；不得作为模型输入或导入数据库
synb1_txn_a94245f1848ca078bb0b81d4,2024-06-25T09:00:00,流出,1907.13,支付已承诺材料及外协款,仅供人工查看；不得作为模型输入或导入数据库
synb1_txn_1afc179c4490c045f500f095,2024-06-26T15:00:00,流入,330422.13,客户支付已交付订单款,仅供人工查看；不得作为模型输入或导入数据库
synb1_txn_808de93119d64549a2c02414,2024-06-26T15:00:00,流入,462864.56,客户支付已交付订单款,仅供人工查看；不得作为模型输入或导入数据库
synb1_txn_aab352dfca2e51638c24374e,2024-07-03T15:00:00,流入,18276.17,客户支付已交付订单款,仅供人工查看；不得作为模型输入或导入数据库
synb1_txn_eba277d4cd10537968a18e0e,2024-07-04T15:00:00,流入,99208.06,客户支付已交付订单款,仅供人工查看；不得作为模型输入或导入数据库
synb1_txn_8a9146419c36d5d4ee95262a,2024-07-05T09:00:00,流出,4247.49,支付经营维护费用,仅供人工查看；不得作为模型输入或导入数据库
synb1_txn_d77342278643b1379a71789e,2024-07-05T09:00:00,流出,26000.00,支付租赁及场地费用,仅供人工查看；不得作为模型输入或导入数据库
synb1_txn_525956177129100b88f0e15c,2024-07-06T09:00:00,流出,361628.67,支付已承诺材料及外协款,仅供人工查看；不得作为模型输入或导入数据库
synb1_txn_45db191858d46f3bea7c37d8,2024-07-07T09:00:00,流出,3331.29,支付经营维护费用,仅供人工查看；不得作为模型输入或导入数据库
synb1_txn_6869cf0ba717ab3d5ef8bd23,2024-07-07T09:00:00,流出,112000.00,支付当期工资,仅供人工查看；不得作为模型输入或导入数据库
synb1_txn_0a07dc7ad3340d90b111ed1b,2024-07-07T09:00:00,流出,20727.08,支付已承诺材料及外协款,仅供人工查看；不得作为模型输入或导入数据库
synb1_txn_ad77b793ecde5fb8e72ce766,2024-07-09T15:00:00,流入,396084.41,客户支付已交付订单款,仅供人工查看；不得作为模型输入或导入数据库
synb1_txn_833993e57eeac693ac0e3531,2024-07-14T09:00:00,流出,33357.39,支付已承诺材料及外协款,仅供人工查看；不得作为模型输入或导入数据库
synb1_txn_e8ab12e6aea237d1113fcb07,2024-07-14T15:00:00,流入,95825.79,客户支付已交付订单款,仅供人工查看；不得作为模型输入或导入数据库
synb1_txn_b00416de2e3e39fa27784f71,2024-07-15T15:00:00,流入,8783.80,客户支付已交付订单款,仅供人工查看；不得作为模型输入或导入数据库
synb1_txn_6b9ed8100a341c448c483d47,2024-07-17T09:00:00,流出,3042.28,支付经营维护费用,仅供人工查看；不得作为模型输入或导入数据库
synb1_txn_1ddb97f49642aa17246cef90,2024-07-17T15:00:00,流入,52986.39,客户支付已交付订单款,仅供人工查看；不得作为模型输入或导入数据库
synb1_txn_d150d32fe6e1755a17332fd2,2024-07-17T15:00:00,流入,12701.28,客户支付已交付订单款,仅供人工查看；不得作为模型输入或导入数据库
synb1_txn_2460b55b1831b41422c17fde,2024-07-18T09:00:00,流出,84513.49,缴纳企业所得税,仅供人工查看；不得作为模型输入或导入数据库
synb1_txn_1f2de81e3edd861af811565e,2024-07-18T09:00:00,流出,16499.00,缴纳模拟增值税,仅供人工查看；不得作为模型输入或导入数据库
synb1_txn_990290f5cdbdb7caae179755,2024-07-18T09:00:00,流出,1979.88,缴纳附加税,仅供人工查看；不得作为模型输入或导入数据库
synb1_txn_a3ca3917c9af9e7b87e74301,2024-07-18T09:00:00,流出,1445.56,支付经营维护费用,仅供人工查看；不得作为模型输入或导入数据库
synb1_txn_c28e2711a1c4f362ada7fad6,2024-07-19T09:00:00,流出,1933.38,支付经营维护费用,仅供人工查看；不得作为模型输入或导入数据库
synb1_txn_95e707c89f16ec611796a75f,2024-07-19T15:00:00,流入,144073.93,客户支付已交付订单款,仅供人工查看；不得作为模型输入或导入数据库
synb1_txn_ca77eb55e63627aa53a0d8a9,2024-07-20T15:00:00,流入,103095.24,客户支付已交付订单款,仅供人工查看；不得作为模型输入或导入数据库
synb1_txn_b07f56fdddf66dc46154f0df,2024-07-20T15:00:00,流入,52766.98,客户支付已交付订单款,仅供人工查看；不得作为模型输入或导入数据库
synb1_txn_fa74ad868e6b34fbbb8a54aa,2024-07-23T15:00:00,流入,42813.84,客户支付已交付订单款,仅供人工查看；不得作为模型输入或导入数据库
synb1_txn_6f1a1bd794ea449c9a7c2566,2024-07-24T09:00:00,流出,23020.99,支付已承诺材料及外协款,仅供人工查看；不得作为模型输入或导入数据库
synb1_txn_f570159a791f966db1c4d0ea,2024-07-25T15:00:00,流入,115364.11,客户支付已交付订单款,仅供人工查看；不得作为模型输入或导入数据库
synb1_txn_5faa66e2db1cff2942b05175,2024-07-28T09:00:00,流出,317283.51,支付已承诺材料及外协款,仅供人工查看；不得作为模型输入或导入数据库
synb1_txn_7b5453c3973b7caa69cb2179,2024-08-02T15:00:00,流入,80899.47,客户支付已交付订单款,仅供人工查看；不得作为模型输入或导入数据库
synb1_txn_77c3c05268a6587f11c2fca1,2024-08-03T09:00:00,流出,22446.49,支付已承诺材料及外协款,仅供人工查看；不得作为模型输入或导入数据库
synb1_txn_6ac8d30c942209841dbecbd3,2024-08-04T15:00:00,流入,13050.64,客户支付已交付订单款,仅供人工查看；不得作为模型输入或导入数据库
synb1_txn_961c4971e0be04fa66b064aa,2024-08-05T09:00:00,流出,10870.13,支付经营维护费用,仅供人工查看；不得作为模型输入或导入数据库
synb1_txn_77fa9147c02af17daee96a9b,2024-08-05T09:00:00,流出,26000.00,支付租赁及场地费用,仅供人工查看；不得作为模型输入或导入数据库
synb1_txn_8dbb10440be0da76e148cc4e,2024-08-05T09:00:00,流出,29086.91,支付已承诺材料及外协款,仅供人工查看；不得作为模型输入或导入数据库
synb1_txn_2ce380b6f4af83d0ad9330aa,2024-08-06T09:00:00,流出,78229.25,支付已承诺材料及外协款,仅供人工查看；不得作为模型输入或导入数据库
synb1_txn_6a91335212553f1afda01cf9,2024-08-07T09:00:00,流出,112000.00,支付当期工资,仅供人工查看；不得作为模型输入或导入数据库
synb1_txn_8c232c007a8ff0fd50eb9335,2024-08-07T15:00:00,流入,2509.83,客户支付已交付订单款,仅供人工查看；不得作为模型输入或导入数据库
synb1_txn_42bb29237440224a3424dbb9,2024-08-10T09:00:00,流出,763.61,支付已承诺材料及外协款,仅供人工查看；不得作为模型输入或导入数据库
synb1_txn_5063b0d90051479ee7aa65bd,2024-08-11T15:00:00,流入,62522.87,客户支付已交付订单款,仅供人工查看；不得作为模型输入或导入数据库
synb1_txn_d71ca43a648cc7198c927864,2024-08-12T15:00:00,流入,184177.23,客户支付已交付订单款,仅供人工查看；不得作为模型输入或导入数据库
synb1_txn_b6fef10a636e991c0e3be08d,2024-08-13T15:00:00,流入,7212.27,客户支付已交付订单款,仅供人工查看；不得作为模型输入或导入数据库
synb1_txn_57c2f28655f0c39d3b449e01,2024-08-14T09:00:00,流出,1913.05,支付已承诺材料及外协款,仅供人工查看；不得作为模型输入或导入数据库
synb1_txn_10431971f47b0920a78fe375,2024-08-15T15:00:00,流入,65903.91,客户支付已交付订单款,仅供人工查看；不得作为模型输入或导入数据库
synb1_txn_7f5b6dec4d836040a18285f5,2024-08-18T15:00:00,流入,5270.83,客户支付已交付订单款,仅供人工查看；不得作为模型输入或导入数据库
synb1_txn_481a20cdc63c126819198be3,2024-08-19T09:00:00,流出,32444.43,缴纳企业所得税,仅供人工查看；不得作为模型输入或导入数据库
synb1_txn_4480d78b3b8d05c90943eb29,2024-08-19T09:00:00,流出,9243.00,缴纳模拟增值税,仅供人工查看；不得作为模型输入或导入数据库
synb1_txn_fee32386880950e96bdc6870,2024-08-19T09:00:00,流出,1109.16,缴纳附加税,仅供人工查看；不得作为模型输入或导入数据库
synb1_txn_20c7c5d4e68b4efeb89959e7,2024-08-19T09:00:00,流出,24223.69,支付已承诺材料及外协款,仅供人工查看；不得作为模型输入或导入数据库
synb1_txn_7aacf90bb0b300280e7ce1a5,2024-08-20T09:00:00,流出,542.23,支付经营维护费用,仅供人工查看；不得作为模型输入或导入数据库
synb1_txn_2e4eb58b013f5fa72d8ab984,2024-08-20T15:00:00,流入,108647.12,客户支付已交付订单款,仅供人工查看；不得作为模型输入或导入数据库
synb1_txn_ecfd4c6672bf64981dc412c6,2024-08-21T09:00:00,流出,30007.16,支付已承诺材料及外协款,仅供人工查看；不得作为模型输入或导入数据库
synb1_txn_cf2849a9c90307b22dff6c17,2024-08-24T09:00:00,流出,814.83,支付经营维护费用,仅供人工查看；不得作为模型输入或导入数据库
synb1_txn_21895edac2a9980a6880e906,2024-08-24T09:00:00,流出,84088.38,支付已承诺材料及外协款,仅供人工查看；不得作为模型输入或导入数据库
synb1_txn_a77405484bdd2f097a29777f,2024-08-24T09:00:00,流出,27114.30,支付已承诺材料及外协款,仅供人工查看；不得作为模型输入或导入数据库
synb1_txn_ac2af880c7d6a34dcdea3e50,2024-08-25T09:00:00,流出,1772.81,支付经营维护费用,仅供人工查看；不得作为模型输入或导入数据库
synb1_txn_25754d640d10d78eee2a27ce,2024-08-25T15:00:00,流入,66496.87,客户支付已交付订单款,仅供人工查看；不得作为模型输入或导入数据库
synb1_txn_3ec1e0538b5065e7ed654871,2024-08-25T15:00:00,流入,3571.40,客户支付已交付订单款,仅供人工查看；不得作为模型输入或导入数据库
synb1_txn_c4f28c3c38f4975c09b4ddd0,2024-08-26T15:00:00,流入,6377.56,客户支付已交付订单款,仅供人工查看；不得作为模型输入或导入数据库
synb1_txn_239532587ac8faef090ecace,2024-08-27T09:00:00,流出,100596.44,支付已承诺材料及外协款,仅供人工查看；不得作为模型输入或导入数据库
synb1_txn_7f8065dba826cacea28a1502,2024-08-28T09:00:00,流出,6585.44,支付已承诺材料及外协款,仅供人工查看；不得作为模型输入或导入数据库
synb1_txn_7d21f597f5fab92b969a1d19,2024-09-04T09:00:00,流出,32099.78,支付已承诺材料及外协款,仅供人工查看；不得作为模型输入或导入数据库
synb1_txn_686db10f2b254c5f7d9fb9df,2024-09-04T15:00:00,流入,40659.33,客户支付已交付订单款,仅供人工查看；不得作为模型输入或导入数据库
synb1_txn_d9feaf0d4d1b6048f5f8135d,2024-09-05T09:00:00,流出,26000.00,支付租赁及场地费用,仅供人工查看；不得作为模型输入或导入数据库
synb1_txn_34210236b85e7d2261b20e40,2024-09-07T09:00:00,流出,127000.00,支付当期工资,仅供人工查看；不得作为模型输入或导入数据库
synb1_txn_3090783c650da034429477fa,2024-09-07T09:00:00,流出,58191.24,支付已承诺材料及外协款,仅供人工查看；不得作为模型输入或导入数据库
synb1_txn_7e60536f8858b3862753885c,2024-09-08T09:00:00,流出,18104.31,支付经营维护费用,仅供人工查看；不得作为模型输入或导入数据库
synb1_txn_265938d61370fc9ddfb31b18,2024-09-09T09:00:00,流出,32965.30,支付已承诺材料及外协款,仅供人工查看；不得作为模型输入或导入数据库
synb1_txn_de617b6fb4c5cb6c25ae401c,2024-09-11T15:00:00,流入,24984.57,客户支付已交付订单款,仅供人工查看；不得作为模型输入或导入数据库
synb1_txn_966a87d9535570529c2224bd,2024-09-15T15:00:00,流入,645.22,客户支付已交付订单款,仅供人工查看；不得作为模型输入或导入数据库
synb1_txn_c3da6dbc55f71f888719d897,2024-09-15T15:00:00,流入,2282.53,客户支付已交付订单款,仅供人工查看；不得作为模型输入或导入数据库
synb1_txn_e56a120cf3d16fde8aacd88b,2024-09-16T09:00:00,流出,147919.88,支付已承诺材料及外协款,仅供人工查看；不得作为模型输入或导入数据库
synb1_txn_f5923b9dceacc812b64a25c8,2024-09-16T09:00:00,流出,5102.74,支付已承诺材料及外协款,仅供人工查看；不得作为模型输入或导入数据库
synb1_txn_a96c9ee738991c2451f00659,2024-09-16T15:00:00,流入,37658.62,客户支付已交付订单款,仅供人工查看；不得作为模型输入或导入数据库
synb1_txn_6791f5d7a3dbaea3210488c4,2024-09-17T09:00:00,流出,18372.88,支付已承诺材料及外协款,仅供人工查看；不得作为模型输入或导入数据库
synb1_txn_e3aaed9791a87124b997a13d,2024-09-17T15:00:00,流入,746.15,客户支付已交付订单款,仅供人工查看；不得作为模型输入或导入数据库
synb1_txn_3c0dcc353a53d8cfca23db12,2024-09-18T09:00:00,流出,4705.00,缴纳模拟增值税,仅供人工查看；不得作为模型输入或导入数据库
synb1_txn_90944e0ea4f1211f1394e121,2024-09-18T09:00:00,流出,564.60,缴纳附加税,仅供人工查看；不得作为模型输入或导入数据库
synb1_txn_a29b92fc3c282e936306d770,2024-09-21T15:00:00,流入,5466.76,客户支付已交付订单款,仅供人工查看；不得作为模型输入或导入数据库
synb1_txn_9c53507c22b24bb3f2ae4ada,2024-09-22T09:00:00,流出,21389.22,支付已承诺材料及外协款,仅供人工查看；不得作为模型输入或导入数据库
synb1_txn_c2153ae9afed688159b4cd04,2024-09-22T09:00:00,流出,195585.98,支付已承诺材料及外协款,仅供人工查看；不得作为模型输入或导入数据库
synb1_txn_d50e3addf8fd5f99cd4811f2,2024-09-23T15:00:00,流入,61004.25,客户支付已交付订单款,仅供人工查看；不得作为模型输入或导入数据库
synb1_txn_61edd0f8593dcae07e2acae7,2024-09-23T15:00:00,流入,1281.27,客户支付已交付订单款,仅供人工查看；不得作为模型输入或导入数据库
synb1_txn_ec89163115e29b848b151349,2024-09-24T09:00:00,流出,2150.35,支付经营维护费用,仅供人工查看；不得作为模型输入或导入数据库
synb1_txn_24819ce3e8bad31cca1738ee,2024-09-25T15:00:00,流入,65763.05,客户支付已交付订单款,仅供人工查看；不得作为模型输入或导入数据库
synb1_txn_2ebef121bb6aeac032f60dcd,2024-09-26T09:00:00,流出,11365.48,支付已承诺材料及外协款,仅供人工查看；不得作为模型输入或导入数据库
synb1_txn_1582b568b11dc35acee69d0b,2024-09-26T15:00:00,流入,44980.27,客户支付已交付订单款,仅供人工查看；不得作为模型输入或导入数据库
synb1_txn_0347ceacfda08df993ba6aec,2024-09-27T15:00:00,流入,1182.58,客户支付已交付订单款,仅供人工查看；不得作为模型输入或导入数据库
synb1_txn_67459aa0e3658df9229499e0,2024-09-27T15:00:00,流入,33154.54,客户支付已交付订单款,仅供人工查看；不得作为模型输入或导入数据库
synb1_txn_9d82538322e61144a239fc95,2024-09-28T09:00:00,流出,1745.34,支付经营维护费用,仅供人工查看；不得作为模型输入或导入数据库
synb1_txn_4a8a80b2b486257fe0206097,2024-09-28T09:00:00,流出,10981.20,支付已承诺材料及外协款,仅供人工查看；不得作为模型输入或导入数据库
synb1_txn_9d545a3cc3f566b2111ff46c,2024-09-28T15:00:00,流入,9934.86,客户支付已交付订单款,仅供人工查看；不得作为模型输入或导入数据库
synb1_txn_4fc0ded92820e636c96d31d6,2024-10-05T09:00:00,流出,26000.00,支付租赁及场地费用,仅供人工查看；不得作为模型输入或导入数据库
synb1_txn_df9b1f1c08284d226a9e1080,2024-10-05T09:00:00,流出,91581.03,支付已承诺材料及外协款,仅供人工查看；不得作为模型输入或导入数据库
synb1_txn_e340e18f94701427c2083a2d,2024-10-05T15:00:00,流入,9595.24,客户支付已交付订单款,仅供人工查看；不得作为模型输入或导入数据库
synb1_txn_fab821904ade2ed490476cb0,2024-10-07T09:00:00,流出,127000.00,支付当期工资,仅供人工查看；不得作为模型输入或导入数据库
synb1_txn_bb0cbfe6dc833e12f12fab28,2024-10-07T15:00:00,流入,29.60,客户支付已交付订单款,仅供人工查看；不得作为模型输入或导入数据库
synb1_txn_c603f88981a18644e8fe4b04,2024-10-09T09:00:00,流出,8732.18,支付已承诺材料及外协款,仅供人工查看；不得作为模型输入或导入数据库
synb1_txn_ce4f630e595528611fdeedb9,2024-10-14T09:00:00,流出,6423.11,支付已承诺材料及外协款,仅供人工查看；不得作为模型输入或导入数据库
synb1_txn_5b688c235a8ccfe5ef0f629e,2024-10-14T15:00:00,流入,3967.46,客户支付已交付订单款,仅供人工查看；不得作为模型输入或导入数据库
synb1_txn_d05bf6cd270ad44b3833f95e,2024-10-17T09:00:00,流出,20179.69,支付经营维护费用,仅供人工查看；不得作为模型输入或导入数据库
synb1_txn_976f8488a91ce86cc45ae71d,2024-10-17T15:00:00,流入,6747.59,客户支付已交付订单款,仅供人工查看；不得作为模型输入或导入数据库
synb1_txn_3b3109065bc19c802ffc46d1,2024-10-18T09:00:00,流出,4963.00,缴纳模拟增值税,仅供人工查看；不得作为模型输入或导入数据库
synb1_txn_147a449842feb250798578cf,2024-10-18T09:00:00,流出,595.56,缴纳附加税,仅供人工查看；不得作为模型输入或导入数据库
synb1_txn_5e59d5820a4313fccadef983,2024-10-18T15:00:00,流入,5937.83,客户支付已交付订单款,仅供人工查看；不得作为模型输入或导入数据库
synb1_txn_af34ae79e1588d796732fe87,2024-10-18T15:00:00,流入,46393.31,客户支付已交付订单款,仅供人工查看；不得作为模型输入或导入数据库
synb1_txn_4d7b3d89645fedd74c4fc290,2024-10-19T09:00:00,流出,1820.31,支付经营维护费用,仅供人工查看；不得作为模型输入或导入数据库
synb1_txn_ec14b967858defb0bb4527aa,2024-10-21T09:00:00,流出,289.57,支付已承诺材料及外协款,仅供人工查看；不得作为模型输入或导入数据库
synb1_txn_708b089e88bdcf90a9c02fe8,2024-10-21T15:00:00,流入,1893.64,客户支付已交付订单款,仅供人工查看；不得作为模型输入或导入数据库
synb1_txn_d15e847a53d9c9ffc06a6899,2024-10-21T15:00:00,流入,25376.84,客户支付已交付订单款,仅供人工查看；不得作为模型输入或导入数据库
synb1_txn_9e3015d7279ff4a55725e794,2024-10-21T15:00:00,流入,145303.60,客户支付已交付订单款,仅供人工查看；不得作为模型输入或导入数据库
synb1_txn_c4ff7274f16fcc5797cfa226,2024-10-24T09:00:00,流出,13752.97,支付已承诺材料及外协款,仅供人工查看；不得作为模型输入或导入数据库
synb1_txn_0352d5e1e37c5af3e92b8ab8,2024-10-24T15:00:00,流入,118973.75,客户支付已交付订单款,仅供人工查看；不得作为模型输入或导入数据库
synb1_txn_f6a735f50d58b866ec8217e5,2024-10-25T09:00:00,流出,26624.45,支付已承诺材料及外协款,仅供人工查看；不得作为模型输入或导入数据库
synb1_txn_8b9984c399c711ebeb0080e9,2024-10-27T09:00:00,流出,328442.69,支付已承诺材料及外协款,仅供人工查看；不得作为模型输入或导入数据库
synb1_txn_d2d85b805c9c42b4a4ccb201,2024-10-27T15:00:00,流入,109101.03,客户支付已交付订单款,仅供人工查看；不得作为模型输入或导入数据库
synb1_txn_9e6fbedd1d5f8f82f4705612,2024-10-27T15:00:00,流入,29934.11,客户支付已交付订单款,仅供人工查看；不得作为模型输入或导入数据库
synb1_txn_007caca2c3f619cfe786d69c,2024-11-02T15:00:00,流入,42774.23,客户支付已交付订单款,仅供人工查看；不得作为模型输入或导入数据库
synb1_txn_034b3532f01620efae3fd2b5,2024-11-03T15:00:00,流入,245774.80,客户支付已交付订单款,仅供人工查看；不得作为模型输入或导入数据库
synb1_txn_6913553611cc4de248e77d76,2024-11-04T15:00:00,流入,18779.43,客户支付已交付订单款,仅供人工查看；不得作为模型输入或导入数据库
synb1_txn_df5df79e31b7d33289d0aa68,2024-11-05T09:00:00,流出,26000.00,支付租赁及场地费用,仅供人工查看；不得作为模型输入或导入数据库
synb1_txn_cd6fb48fde994abc529c767c,2024-11-05T09:00:00,流出,136862.43,支付已承诺材料及外协款,仅供人工查看；不得作为模型输入或导入数据库
synb1_txn_b6b1e4da561414745f7ef87a,2024-11-06T09:00:00,流出,286901.63,支付已承诺材料及外协款,仅供人工查看；不得作为模型输入或导入数据库
synb1_txn_29af532cf726a17b638e5f48,2024-11-07T09:00:00,流出,127000.00,支付当期工资,仅供人工查看；不得作为模型输入或导入数据库
synb1_txn_e09766fe4b89b4db6ba258cf,2024-11-07T15:00:00,流入,33.89,客户支付已交付订单款,仅供人工查看；不得作为模型输入或导入数据库
synb1_txn_bbfe997944180dc61dc213f2,2024-11-09T09:00:00,流出,14073.69,支付经营维护费用,仅供人工查看；不得作为模型输入或导入数据库
synb1_txn_b884555d6f244ec0ca76a9ab,2024-11-13T09:00:00,流出,3498.82,支付已承诺材料及外协款,仅供人工查看；不得作为模型输入或导入数据库
synb1_txn_faed307d8e537a3386228a23,2024-11-13T09:00:00,流出,12490.75,支付已承诺材料及外协款,仅供人工查看；不得作为模型输入或导入数据库
synb1_txn_ce9bb9b7bec26f4eaacd6946,2024-11-15T09:00:00,流出,76131.94,支付已承诺材料及外协款,仅供人工查看；不得作为模型输入或导入数据库
synb1_txn_9c447b829dd063761ec360fd,2024-11-15T15:00:00,流入,42448.27,客户支付已交付订单款,仅供人工查看；不得作为模型输入或导入数据库
synb1_txn_2057a2e30bf098be2aee14ca,2024-11-15T15:00:00,流入,73680.02,客户支付已交付订单款,仅供人工查看；不得作为模型输入或导入数据库
synb1_txn_000a2ee36868b18470821eb0,2024-11-16T09:00:00,流出,4169.63,支付经营维护费用,仅供人工查看；不得作为模型输入或导入数据库
synb1_txn_868f0980398814f1c043a848,2024-11-16T15:00:00,流入,12049.50,客户支付已交付订单款,仅供人工查看；不得作为模型输入或导入数据库
synb1_txn_bfbdce39723ecaf1e7d83259,2024-11-17T09:00:00,流出,6338.92,支付已承诺材料及外协款,仅供人工查看；不得作为模型输入或导入数据库
synb1_txn_37846e1115115d3ba9df162f,2024-11-18T09:00:00,流出,5146.00,缴纳模拟增值税,仅供人工查看；不得作为模型输入或导入数据库
synb1_txn_e15b02956a8d7515ba668725,2024-11-18T09:00:00,流出,617.52,缴纳附加税,仅供人工查看；不得作为模型输入或导入数据库
synb1_txn_75098d54887ea1fd7f62e738,2024-11-18T09:00:00,流出,2224.60,支付经营维护费用,仅供人工查看；不得作为模型输入或导入数据库
synb1_txn_e7b4bc8d160108336d95084e,2024-11-18T09:00:00,流出,917.33,支付经营维护费用,仅供人工查看；不得作为模型输入或导入数据库
synb1_txn_94279a2d9a5959b52215b657,2024-11-19T09:00:00,流出,21793.42,支付已承诺材料及外协款,仅供人工查看；不得作为模型输入或导入数据库
synb1_txn_42bdf9156449ed504d2ad64c,2024-11-21T09:00:00,流出,614.75,支付经营维护费用,仅供人工查看；不得作为模型输入或导入数据库
synb1_txn_e1c08b8a73fe1b953d68ddfa,2024-11-21T15:00:00,流入,97479.45,客户支付已交付订单款,仅供人工查看；不得作为模型输入或导入数据库
synb1_txn_1dbfd2d5d3a8cc30049925d9,2024-11-25T09:00:00,流出,8057.41,支付已承诺材料及外协款,仅供人工查看；不得作为模型输入或导入数据库
synb1_txn_e3a5a3af9508c9d1ce16fb00,2024-11-27T15:00:00,流入,49866.41,客户支付已交付订单款,仅供人工查看；不得作为模型输入或导入数据库
synb1_txn_3b5b3711ba30af3d7b4c3cf2,2024-11-28T09:00:00,流出,40448.68,支付已承诺材料及外协款,仅供人工查看；不得作为模型输入或导入数据库
synb1_txn_dad234b2cd569a22fe0a1443,2024-12-03T15:00:00,流入,79129.56,客户支付已交付订单款,仅供人工查看；不得作为模型输入或导入数据库
synb1_txn_1c3ae5ac3825e3fdb5e7784b,2024-12-03T15:00:00,流入,17753.83,客户支付已交付订单款,仅供人工查看；不得作为模型输入或导入数据库
synb1_txn_4320052012d32a022224a44e,2024-12-05T09:00:00,流出,26000.00,支付租赁及场地费用,仅供人工查看；不得作为模型输入或导入数据库
synb1_txn_fba98f796eb2a45b2221609b,2024-12-05T09:00:00,流出,31359.39,支付已承诺材料及外协款,仅供人工查看；不得作为模型输入或导入数据库
synb1_txn_63c30df21ba52d0ac2f8d41a,2024-12-07T09:00:00,流出,127000.00,支付当期工资,仅供人工查看；不得作为模型输入或导入数据库
synb1_txn_c24792e5be18b5da97299a2a,2024-12-08T09:00:00,流出,33739.97,支付已承诺材料及外协款,仅供人工查看；不得作为模型输入或导入数据库
synb1_txn_35a9e48f4071f8a26ddaffb7,2024-12-08T09:00:00,流出,290998.12,支付已承诺材料及外协款,仅供人工查看；不得作为模型输入或导入数据库
synb1_txn_2a5f4d8f176c265fb23c63d3,2024-12-11T09:00:00,流出,1243.00,支付经营维护费用,仅供人工查看；不得作为模型输入或导入数据库
synb1_txn_235480df137149ad1d1b5c6d,2024-12-11T15:00:00,流入,31651.14,客户支付已交付订单款,仅供人工查看；不得作为模型输入或导入数据库
synb1_txn_595c89bc9db8fa170255e373,2024-12-14T09:00:00,流出,43682.03,支付已承诺材料及外协款,仅供人工查看；不得作为模型输入或导入数据库
synb1_txn_ffcc5ab3706476f9122a9edb,2024-12-14T09:00:00,流出,22528.69,支付已承诺材料及外协款,仅供人工查看；不得作为模型输入或导入数据库
synb1_txn_18729fc573e03aa436991280,2024-12-14T15:00:00,流入,379.19,客户支付已交付订单款,仅供人工查看；不得作为模型输入或导入数据库
synb1_txn_92f659b01c8aedecb451cdc5,2024-12-15T09:00:00,流出,436733.91,支付已承诺材料及外协款,仅供人工查看；不得作为模型输入或导入数据库
synb1_txn_65fdd4803bceeb2ff702131c,2024-12-16T15:00:00,流入,74877.41,客户支付已交付订单款,仅供人工查看；不得作为模型输入或导入数据库
synb1_txn_5643016718db6d71c76b696d,2024-12-18T09:00:00,流出,6943.00,缴纳模拟增值税,仅供人工查看；不得作为模型输入或导入数据库
synb1_txn_cc94e2fb10aa56a6e30bb355,2024-12-18T09:00:00,流出,833.16,缴纳附加税,仅供人工查看；不得作为模型输入或导入数据库
synb1_txn_c63632330bab4fda00d84ff4,2024-12-19T15:00:00,流入,72218.00,客户支付已交付订单款,仅供人工查看；不得作为模型输入或导入数据库
synb1_txn_ee06bdf1ee40e47e88925c32,2024-12-19T15:00:00,流入,97322.16,客户支付已交付订单款,仅供人工查看；不得作为模型输入或导入数据库
synb1_txn_9d731dddd95970c918f5f1c7,2024-12-19T15:00:00,流入,62803.91,客户支付已交付订单款,仅供人工查看；不得作为模型输入或导入数据库
synb1_txn_020a5f641c891fbf3eaceac4,2024-12-21T09:00:00,流出,27403.89,支付已承诺材料及外协款,仅供人工查看；不得作为模型输入或导入数据库
synb1_txn_f907997912cb8174c2999b8c,2024-12-22T15:00:00,流入,246335.74,客户支付已交付订单款,仅供人工查看；不得作为模型输入或导入数据库
synb1_txn_20f5449a36624a24b54a3711,2024-12-23T15:00:00,流入,752.37,客户支付已交付订单款,仅供人工查看；不得作为模型输入或导入数据库
synb1_txn_e5a1591a4afb339a994405b6,2024-12-23T15:00:00,流入,26737.72,客户支付已交付订单款,仅供人工查看；不得作为模型输入或导入数据库
synb1_txn_c5076e82498dd0704a28a212,2024-12-25T09:00:00,流出,1038.50,支付经营维护费用,仅供人工查看；不得作为模型输入或导入数据库
synb1_txn_b495d363b03939440014bd48,2024-12-26T09:00:00,流出,8089.70,支付经营维护费用,仅供人工查看；不得作为模型输入或导入数据库
synb1_txn_839f6dd511d9309e4bea08a9,2024-12-26T15:00:00,流入,95634.67,客户支付已交付订单款,仅供人工查看；不得作为模型输入或导入数据库
synb1_txn_3ec5c6194131fbc1178d3716,2024-12-26T15:00:00,流入,5579.46,客户支付已交付订单款,仅供人工查看；不得作为模型输入或导入数据库
synb1_txn_2efdc0e08e16b89a722761e8,2024-12-28T09:00:00,流出,11628.80,支付经营维护费用,仅供人工查看；不得作为模型输入或导入数据库
synb1_txn_808b6350646788d970325391,2024-12-28T15:00:00,流入,21178.84,客户支付已交付订单款,仅供人工查看；不得作为模型输入或导入数据库
synb1_txn_a69ba2920eca1fd8de43c45f,2025-01-02T15:00:00,流入,364161.24,客户支付已交付订单款,仅供人工查看；不得作为模型输入或导入数据库
synb1_txn_0682109ab6721b8e33f39b4a,2025-01-03T09:00:00,流出,27470.34,支付已承诺材料及外协款,仅供人工查看；不得作为模型输入或导入数据库
synb1_txn_b25c612264df0a72e874dfd7,2025-01-04T15:00:00,流入,217308.74,客户支付已交付订单款,仅供人工查看；不得作为模型输入或导入数据库
synb1_txn_1b3fbd1edf5cbbeaf3950f1e,2025-01-05T09:00:00,流出,26000.00,支付租赁及场地费用,仅供人工查看；不得作为模型输入或导入数据库
synb1_txn_f7d4ff72d23745aae931b923,2025-01-05T15:00:00,流入,6602.96,客户支付已交付订单款,仅供人工查看；不得作为模型输入或导入数据库
synb1_txn_e4d9e5583e235241cc885643,2025-01-05T15:00:00,流入,15024.95,客户支付已交付订单款,仅供人工查看；不得作为模型输入或导入数据库
synb1_txn_634d8e9277a7f64d394b7ee1,2025-01-07T09:00:00,流出,127000.00,支付当期工资,仅供人工查看；不得作为模型输入或导入数据库
synb1_txn_c8189905360f2fddd9bcb12b,2025-01-07T09:00:00,流出,23800.78,支付已承诺材料及外协款,仅供人工查看；不得作为模型输入或导入数据库
synb1_txn_3b8e6ea641bebb6ba901b45e,2025-01-09T09:00:00,流出,270138.77,支付已承诺材料及外协款,仅供人工查看；不得作为模型输入或导入数据库
synb1_txn_0e912a342fc976fc424bdb73,2025-01-09T15:00:00,流入,9920.89,客户支付已交付订单款,仅供人工查看；不得作为模型输入或导入数据库
synb1_txn_cf58cbefd3c417b90a03a4fe,2025-01-11T15:00:00,流入,19347.53,客户支付已交付订单款,仅供人工查看；不得作为模型输入或导入数据库
synb1_txn_7866c94064b0a9e1e6be3836,2025-01-12T09:00:00,流出,5211.60,支付经营维护费用,仅供人工查看；不得作为模型输入或导入数据库
synb1_txn_8086d7a08c5189585e1171c9,2025-01-12T09:00:00,流出,104972.76,支付已承诺材料及外协款,仅供人工查看；不得作为模型输入或导入数据库
synb1_txn_a0a0f2458fe6139a65977c0c,2025-01-12T15:00:00,流入,100391.06,客户支付已交付订单款,仅供人工查看；不得作为模型输入或导入数据库
synb1_txn_0c12e9f4c646795bef5db41b,2025-01-13T09:00:00,流出,110438.41,支付已承诺材料及外协款,仅供人工查看；不得作为模型输入或导入数据库
synb1_txn_3f243a6310a861093fd21a3c,2025-01-13T09:00:00,流出,139864.83,支付已承诺材料及外协款,仅供人工查看；不得作为模型输入或导入数据库
synb1_txn_c6116f83d53e8a44b2d799e7,2025-01-13T09:00:00,流出,15290.24,支付已承诺材料及外协款,仅供人工查看；不得作为模型输入或导入数据库
synb1_txn_a37806092c4d8cda8273e19a,2025-01-13T15:00:00,流入,69248.68,客户支付已交付订单款,仅供人工查看；不得作为模型输入或导入数据库
synb1_txn_cd914535a8f5502f0511501a,2025-01-13T15:00:00,流入,68479.95,客户支付已交付订单款,仅供人工查看；不得作为模型输入或导入数据库
synb1_txn_257fc430a8b1fbd7782be2c2,2025-01-16T15:00:00,流入,61847.20,客户支付已交付订单款,仅供人工查看；不得作为模型输入或导入数据库
synb1_txn_f3f6e7e83b6e064a4ab82a30,2025-01-17T09:00:00,流出,72340.23,支付已承诺材料及外协款,仅供人工查看；不得作为模型输入或导入数据库
synb1_txn_8fc4ee6e352bfb57255ddeb3,2025-01-17T09:00:00,流出,7589.36,支付已承诺材料及外协款,仅供人工查看；不得作为模型输入或导入数据库
synb1_txn_0025a4c44b96dc826a038d61,2025-01-17T15:00:00,流入,83725.56,客户支付已交付订单款,仅供人工查看；不得作为模型输入或导入数据库
synb1_txn_c7839b4a26bd6f2b5d884115,2025-01-18T15:00:00,流入,24192.44,客户支付已交付订单款,仅供人工查看；不得作为模型输入或导入数据库
synb1_txn_e442ef342a0c533273365b49,2025-01-20T09:00:00,流出,10576.00,缴纳模拟增值税,仅供人工查看；不得作为模型输入或导入数据库
synb1_txn_0d8d9f3d989c65a9889426a8,2025-01-20T09:00:00,流出,1269.12,缴纳附加税,仅供人工查看；不得作为模型输入或导入数据库
synb1_txn_0549650b4cd8a8e7358e7007,2025-01-20T09:00:00,流出,10793.26,支付经营维护费用,仅供人工查看；不得作为模型输入或导入数据库
synb1_txn_a5abe9fccc8ab992b9d12d8b,2025-01-24T15:00:00,流入,24606.80,客户支付已交付订单款,仅供人工查看；不得作为模型输入或导入数据库
synb1_txn_d990d25612bf0aa1e63dac1d,2025-01-25T09:00:00,流出,5995.14,支付经营维护费用,仅供人工查看；不得作为模型输入或导入数据库
synb1_txn_362017e0afe0b91015528ff4,2025-01-27T09:00:00,流出,193686.28,支付已承诺材料及外协款,仅供人工查看；不得作为模型输入或导入数据库
synb1_txn_31c1423418e542db6ecd8c11,2025-02-02T15:00:00,流入,22323.02,客户支付已交付订单款,仅供人工查看；不得作为模型输入或导入数据库
synb1_txn_f6e37f47a57bd89914896aae,2025-02-03T15:00:00,流入,37482.79,客户支付已交付订单款,仅供人工查看；不得作为模型输入或导入数据库
synb1_txn_f39a187626c4c3d6fb39a008,2025-02-05T09:00:00,流出,26000.00,支付租赁及场地费用,仅供人工查看；不得作为模型输入或导入数据库
synb1_txn_ee2856b703fdd032458accf4,2025-02-06T15:00:00,流入,10885.99,客户支付已交付订单款,仅供人工查看；不得作为模型输入或导入数据库
synb1_txn_15d362508ef856eb9b3200fb,2025-02-07T09:00:00,流出,127000.00,支付当期工资,仅供人工查看；不得作为模型输入或导入数据库
synb1_txn_7eee81f84e847f8deaef7eda,2025-02-08T15:00:00,流入,112234.38,客户支付已交付订单款,仅供人工查看；不得作为模型输入或导入数据库
synb1_txn_4ee2cff24928ab8b945500c8,2025-02-08T15:00:00,流入,5177.68,客户支付已交付订单款,仅供人工查看；不得作为模型输入或导入数据库
synb1_txn_012b318cd786ca00b65853a9,2025-02-10T09:00:00,流出,94994.59,支付已承诺材料及外协款,仅供人工查看；不得作为模型输入或导入数据库
synb1_txn_713e32e41b1fa3ed3c04b56d,2025-02-10T09:00:00,流出,267916.20,支付已承诺材料及外协款,仅供人工查看；不得作为模型输入或导入数据库
synb1_txn_20f827563131ebe1232ba3af,2025-02-11T09:00:00,流出,947.39,支付经营维护费用,仅供人工查看；不得作为模型输入或导入数据库
synb1_txn_b28564b56b89a7f8680470a7,2025-02-12T15:00:00,流入,168144.28,客户支付已交付订单款,仅供人工查看；不得作为模型输入或导入数据库
synb1_txn_38ebe0e0ea7beb85fa1daf60,2025-02-13T15:00:00,流入,0.33,客户支付已交付订单款,仅供人工查看；不得作为模型输入或导入数据库
synb1_txn_43f4991faf7c8985229b9370,2025-02-14T15:00:00,流入,48968.10,客户支付已交付订单款,仅供人工查看；不得作为模型输入或导入数据库
synb1_txn_a694b081e6fcf0eef347e122,2025-02-15T09:00:00,流出,11054.41,支付已承诺材料及外协款,仅供人工查看；不得作为模型输入或导入数据库
synb1_txn_bb0f6e98552d0cef35c5da55,2025-02-17T09:00:00,流出,8426.06,支付已承诺材料及外协款,仅供人工查看；不得作为模型输入或导入数据库
synb1_txn_bb92cfc0113a5d3dde869adc,2025-02-17T15:00:00,流入,4343.70,客户支付已交付订单款,仅供人工查看；不得作为模型输入或导入数据库
synb1_txn_9d5124794277d9de7b074b92,2025-02-17T15:00:00,流入,17438.27,客户支付已交付订单款,仅供人工查看；不得作为模型输入或导入数据库
synb1_txn_e482c107f9455f98ee578186,2025-02-18T09:00:00,流出,10767.00,缴纳模拟增值税,仅供人工查看；不得作为模型输入或导入数据库
synb1_txn_75fd8bc8ecea327820dd05bf,2025-02-18T09:00:00,流出,1292.04,缴纳附加税,仅供人工查看；不得作为模型输入或导入数据库
synb1_txn_20b8bc29a3f4ced8d601abbf,2025-02-18T09:00:00,流出,34807.98,支付已承诺材料及外协款,仅供人工查看；不得作为模型输入或导入数据库
synb1_txn_be4344235e8db24586bf8a3f,2025-02-19T09:00:00,流出,4978.21,支付经营维护费用,仅供人工查看；不得作为模型输入或导入数据库
synb1_txn_d28b8462159ea32b05a3bc5e,2025-02-19T09:00:00,流出,41640.37,支付已承诺材料及外协款,仅供人工查看；不得作为模型输入或导入数据库
synb1_txn_a822cf4617147847e21d3824,2025-02-21T09:00:00,流出,13108.34,支付已承诺材料及外协款,仅供人工查看；不得作为模型输入或导入数据库
synb1_txn_a20c586385cf0084cd8919b2,2025-02-21T15:00:00,流入,294102.25,客户支付已交付订单款,仅供人工查看；不得作为模型输入或导入数据库
synb1_txn_48c77dd9ffa52e13972ba7fa,2025-02-23T09:00:00,流出,20467.52,支付已承诺材料及外协款,仅供人工查看；不得作为模型输入或导入数据库
synb1_txn_31e25c48c0f551544e4304c4,2025-02-24T09:00:00,流出,31061.42,支付已承诺材料及外协款,仅供人工查看；不得作为模型输入或导入数据库
synb1_txn_d24b4da5925b2b79fc2b8f6f,2025-02-26T09:00:00,流出,16074.40,支付经营维护费用,仅供人工查看；不得作为模型输入或导入数据库
synb1_txn_128cea2269402e27c3fd73da,2025-02-28T09:00:00,流出,25649.11,支付已承诺材料及外协款,仅供人工查看；不得作为模型输入或导入数据库
synb1_txn_934a43c62d96884646599035,2025-02-28T15:00:00,流入,128672.90,客户支付已交付订单款,仅供人工查看；不得作为模型输入或导入数据库
synb1_txn_ee7650228dc2de154e3bb052,2025-02-28T15:00:00,流入,5310.31,客户支付已交付订单款,仅供人工查看；不得作为模型输入或导入数据库
synb1_txn_da51c4d511f9bc6c776aad63,2025-03-03T09:00:00,流出,3612.24,支付已承诺材料及外协款,仅供人工查看；不得作为模型输入或导入数据库
synb1_txn_929f6c0c28a55b9fdcd76df3,2025-03-04T09:00:00,流出,8391.60,支付已承诺材料及外协款,仅供人工查看；不得作为模型输入或导入数据库
synb1_txn_d81146f100ae45b315b0cd18,2025-03-04T15:00:00,流入,118825.71,客户支付已交付订单款,仅供人工查看；不得作为模型输入或导入数据库
synb1_txn_6c193e9745c4f3e08a757ced,2025-03-04T15:00:00,流入,5553.39,客户支付已交付订单款,仅供人工查看；不得作为模型输入或导入数据库
synb1_txn_4b6bd8c3eba888c11a3b2256,2025-03-05T09:00:00,流出,26000.00,支付租赁及场地费用,仅供人工查看；不得作为模型输入或导入数据库
synb1_txn_333488a59aec163fb8dc1871,2025-03-05T15:00:00,流入,17054.99,客户支付已交付订单款,仅供人工查看；不得作为模型输入或导入数据库
synb1_txn_b7c6588790add780ade7e834,2025-03-07T09:00:00,流出,127000.00,支付当期工资,仅供人工查看；不得作为模型输入或导入数据库
synb1_txn_5af950008554a6f1e787b540,2025-03-10T15:00:00,流入,30168.74,客户支付已交付订单款,仅供人工查看；不得作为模型输入或导入数据库
synb1_txn_bd159e02a3ffd8aebddddf96,2025-03-11T09:00:00,流出,2742.40,支付已承诺材料及外协款,仅供人工查看；不得作为模型输入或导入数据库
synb1_txn_6f3735f50a5e1dd5349e4a7e,2025-03-11T15:00:00,流入,44090.42,客户支付已交付订单款,仅供人工查看；不得作为模型输入或导入数据库
synb1_txn_d28b92a80741bf1d81912b4a,2025-03-12T09:00:00,流出,5203.31,支付经营维护费用,仅供人工查看；不得作为模型输入或导入数据库
synb1_txn_f3ff13e4bf1beea049caa467,2025-03-13T09:00:00,流出,2736.98,支付经营维护费用,仅供人工查看；不得作为模型输入或导入数据库
synb1_txn_c9a78b5daa6acad14d0461d2,2025-03-13T09:00:00,流出,221201.37,支付已承诺材料及外协款,仅供人工查看；不得作为模型输入或导入数据库
synb1_txn_fc05b6ee8fdaed8c57f1f592,2025-03-13T15:00:00,流入,25292.48,客户支付已交付订单款,仅供人工查看；不得作为模型输入或导入数据库
synb1_txn_76793e40ac5895174ffcaf3a,2025-03-13T15:00:00,流入,33524.49,客户支付已交付订单款,仅供人工查看；不得作为模型输入或导入数据库
synb1_txn_a812f7c1455d9c979db093d0,2025-03-13T15:00:00,流入,41810.46,客户支付已交付订单款,仅供人工查看；不得作为模型输入或导入数据库
synb1_txn_3c6014557f8e3c9fdd2648ef,2025-03-15T15:00:00,流入,12064.19,客户支付已交付订单款,仅供人工查看；不得作为模型输入或导入数据库
synb1_txn_9fb6fc0c1596bce7147f5545,2025-03-17T15:00:00,流入,51199.99,客户支付已交付订单款,仅供人工查看；不得作为模型输入或导入数据库
synb1_txn_075fe21c12333d3c3b754c11,2025-03-17T15:00:00,流入,99312.30,客户支付已交付订单款,仅供人工查看；不得作为模型输入或导入数据库
synb1_txn_ff16e4c23293a79163d82c29,2025-03-18T09:00:00,流出,4935.00,缴纳模拟增值税,仅供人工查看；不得作为模型输入或导入数据库
synb1_txn_a74cb1e1491d862f04d4df98,2025-03-18T09:00:00,流出,592.20,缴纳附加税,仅供人工查看；不得作为模型输入或导入数据库
synb1_txn_f1c7edc4648fbc4cc30cfc1a,2025-03-18T09:00:00,流出,2291.88,支付已承诺材料及外协款,仅供人工查看；不得作为模型输入或导入数据库
synb1_txn_6a1808defe6dd4493e709254,2025-03-19T09:00:00,流出,4992.76,支付已承诺材料及外协款,仅供人工查看；不得作为模型输入或导入数据库
synb1_txn_bb3c878f4412a310a19f9768,2025-03-19T15:00:00,流入,1421.96,客户支付已交付订单款,仅供人工查看；不得作为模型输入或导入数据库
synb1_txn_e884c69c1e37d9d1b3d4c9d8,2025-03-20T09:00:00,流出,110042.05,支付已承诺材料及外协款,仅供人工查看；不得作为模型输入或导入数据库
synb1_txn_30a098676cefdb64d683e4d2,2025-03-21T09:00:00,流出,14059.71,支付经营维护费用,仅供人工查看；不得作为模型输入或导入数据库
synb1_txn_1207c036a4d80aade72b7aad,2025-03-22T09:00:00,流出,214614.58,支付已承诺材料及外协款,仅供人工查看；不得作为模型输入或导入数据库
synb1_txn_53c8838d2b7a2c3da38eb5ab,2025-03-25T15:00:00,流入,14470.10,客户支付已交付订单款,仅供人工查看；不得作为模型输入或导入数据库
synb1_txn_145bd7632c5bf3a68fad9309,2025-03-26T09:00:00,流出,77287.53,支付已承诺材料及外协款,仅供人工查看；不得作为模型输入或导入数据库
synb1_txn_506b75950f3441c6b59fa46e,2025-03-26T09:00:00,流出,468.89,支付已承诺材料及外协款,仅供人工查看；不得作为模型输入或导入数据库
synb1_txn_d7b42917b184f7823336d9b7,2025-03-26T09:00:00,流出,176.70,支付已承诺材料及外协款,仅供人工查看；不得作为模型输入或导入数据库
synb1_txn_33eb6b195a8d23c5cd3aaf8a,2025-03-28T15:00:00,流入,105148.78,客户支付已交付订单款,仅供人工查看；不得作为模型输入或导入数据库
synb1_txn_7a6a1bf81b5c70fe5e2b3787,2025-04-02T15:00:00,流入,51762.30,客户支付已交付订单款,仅供人工查看；不得作为模型输入或导入数据库
synb1_txn_21bd7291fec1a7c856685e3a,2025-04-03T09:00:00,流出,53585.92,支付已承诺材料及外协款,仅供人工查看；不得作为模型输入或导入数据库
synb1_txn_580956aac7e03496b3d02e9f,2025-04-05T09:00:00,流出,26000.00,支付租赁及场地费用,仅供人工查看；不得作为模型输入或导入数据库
synb1_txn_07e69a9dc12ade2663a1a61a,2025-04-07T09:00:00,流出,127000.00,支付当期工资,仅供人工查看；不得作为模型输入或导入数据库
synb1_txn_5ab852108a12b9fe32caa9f0,2025-04-08T09:00:00,流出,61357.63,支付已承诺材料及外协款,仅供人工查看；不得作为模型输入或导入数据库
synb1_txn_12faced5b4305f06b602be77,2025-04-09T09:00:00,流出,1933.21,支付已承诺材料及外协款,仅供人工查看；不得作为模型输入或导入数据库
synb1_txn_159b0e21ea7da2dd22697bc5,2025-04-10T09:00:00,流出,127.86,支付经营维护费用,仅供人工查看；不得作为模型输入或导入数据库
synb1_txn_8b5c8717fde2c54a831215dd,2025-04-10T09:00:00,流出,15781.88,支付已承诺材料及外协款,仅供人工查看；不得作为模型输入或导入数据库
synb1_txn_17718bf8caffa3b3c21075be,2025-04-10T15:00:00,流入,145314.50,客户支付已交付订单款,仅供人工查看；不得作为模型输入或导入数据库
synb1_txn_9de95e0f0777395c7ab01fcd,2025-04-11T15:00:00,流入,35189.99,客户支付已交付订单款,仅供人工查看；不得作为模型输入或导入数据库
synb1_txn_1f33d28b88c9aa19e1d2b7a3,2025-04-11T15:00:00,流入,136774.70,客户支付已交付订单款,仅供人工查看；不得作为模型输入或导入数据库
synb1_txn_ce19af1a74623113e004460e,2025-04-12T09:00:00,流出,8918.61,支付经营维护费用,仅供人工查看；不得作为模型输入或导入数据库
synb1_txn_9a7be6b81e78a4e08594ecef,2025-04-16T09:00:00,流出,19283.72,支付已承诺材料及外协款,仅供人工查看；不得作为模型输入或导入数据库
synb1_txn_e6ac9f2419857a42843b1efe,2025-04-16T09:00:00,流出,116269.17,支付已承诺材料及外协款,仅供人工查看；不得作为模型输入或导入数据库
synb1_txn_cf1a721d8b0e7271c15e55ee,2025-04-16T09:00:00,流出,60079.36,支付已承诺材料及外协款,仅供人工查看；不得作为模型输入或导入数据库
synb1_txn_36deb70777cda3eaeef250ca,2025-04-18T09:00:00,流出,7736.00,缴纳模拟增值税,仅供人工查看；不得作为模型输入或导入数据库
synb1_txn_5db5abda81c301dfcd032f9d,2025-04-18T09:00:00,流出,928.32,缴纳附加税,仅供人工查看；不得作为模型输入或导入数据库
synb1_txn_3d3ec077d28ddc7e176bd280,2025-04-20T09:00:00,流出,6095.71,支付经营维护费用,仅供人工查看；不得作为模型输入或导入数据库
synb1_txn_f14865fb75999a5f834679ad,2025-04-20T09:00:00,流出,570.23,支付经营维护费用,仅供人工查看；不得作为模型输入或导入数据库
synb1_txn_f55a462cb17141d496e88257,2025-04-20T09:00:00,流出,22278.26,支付已承诺材料及外协款,仅供人工查看；不得作为模型输入或导入数据库
synb1_txn_313a4592d4147c46dee62d45,2025-04-21T15:00:00,流入,125899.77,客户支付已交付订单款,仅供人工查看；不得作为模型输入或导入数据库
synb1_txn_41e269fb21396788cb40296b,2025-04-23T09:00:00,流出,34937.94,支付已承诺材料及外协款,仅供人工查看；不得作为模型输入或导入数据库
synb1_txn_f7c4d1e5e04020208cbcd61f,2025-04-23T09:00:00,流出,364182.04,支付已承诺材料及外协款,仅供人工查看；不得作为模型输入或导入数据库
synb1_txn_1c7908b8e7db9ad570d5d164,2025-04-23T15:00:00,流入,203879.44,客户支付已交付订单款,仅供人工查看；不得作为模型输入或导入数据库
synb1_txn_e1b9e808e6db6a1dec4e5297,2025-04-23T15:00:00,流入,83059.73,客户支付已交付订单款,仅供人工查看；不得作为模型输入或导入数据库
synb1_txn_d89e49010279cb3a54396669,2025-04-24T09:00:00,流出,6287.59,支付经营维护费用,仅供人工查看；不得作为模型输入或导入数据库
synb1_txn_fed3bbb83f33278647373417,2025-04-24T09:00:00,流出,60814.87,支付已承诺材料及外协款,仅供人工查看；不得作为模型输入或导入数据库
synb1_txn_db7f40a3bf3dec0cbe282cdf,2025-04-24T15:00:00,流入,1672.20,客户支付已交付订单款,仅供人工查看；不得作为模型输入或导入数据库
synb1_txn_fb3c2101dac12f4527395598,2025-04-25T15:00:00,流入,20602.47,客户支付已交付订单款,仅供人工查看；不得作为模型输入或导入数据库
synb1_txn_d42a5e51993cbf5d50716872,2025-04-28T15:00:00,流入,29750.90,客户支付已交付订单款,仅供人工查看；不得作为模型输入或导入数据库
synb1_txn_4736238791cc3bf2ba25f35c,2025-05-02T15:00:00,流入,123117.95,客户支付已交付订单款,仅供人工查看；不得作为模型输入或导入数据库
synb1_txn_45a23971d35ba63907004ea3,2025-05-02T15:00:00,流入,119784.63,客户支付已交付订单款,仅供人工查看；不得作为模型输入或导入数据库
synb1_txn_71b108c8317d918a8b9170d9,2025-05-03T09:00:00,流出,557722.76,支付已承诺材料及外协款,仅供人工查看；不得作为模型输入或导入数据库
synb1_txn_72a6c4657bf71b1808f4c458,2025-05-04T15:00:00,流入,68316.83,客户支付已交付订单款,仅供人工查看；不得作为模型输入或导入数据库
synb1_txn_9edc452e870815d2e6eae299,2025-05-05T09:00:00,流出,26000.00,支付租赁及场地费用,仅供人工查看；不得作为模型输入或导入数据库
synb1_txn_fed95ceebe0b3b198b37af0e,2025-05-05T15:00:00,流入,100733.56,客户支付已交付订单款,仅供人工查看；不得作为模型输入或导入数据库
synb1_txn_fb52ef70993f3a6c204998f5,2025-05-05T15:00:00,流入,159019.22,客户支付已交付订单款,仅供人工查看；不得作为模型输入或导入数据库
synb1_txn_5265c258fc0a97a8286d0714,2025-05-07T09:00:00,流出,113000.00,支付当期工资,仅供人工查看；不得作为模型输入或导入数据库
synb1_txn_2de67f06a80fbc7d9f72f69a,2025-05-07T09:00:00,流出,190.53,支付已承诺材料及外协款,仅供人工查看；不得作为模型输入或导入数据库
synb1_txn_e3618abffc399f637d7caa07,2025-05-08T15:00:00,流入,52279.03,客户支付已交付订单款,仅供人工查看；不得作为模型输入或导入数据库
synb1_txn_243926264f45e547936043c5,2025-05-09T09:00:00,流出,7241.16,支付经营维护费用,仅供人工查看；不得作为模型输入或导入数据库
synb1_txn_e47f78c23760fefa4a36be4f,2025-05-10T09:00:00,流出,28192.27,支付已承诺材料及外协款,仅供人工查看；不得作为模型输入或导入数据库
synb1_txn_4a27ebcdfc3fcb423fab2a81,2025-05-12T09:00:00,流出,90919.72,支付已承诺材料及外协款,仅供人工查看；不得作为模型输入或导入数据库
synb1_txn_c0373dd097d2933f6ec56efc,2025-05-12T09:00:00,流出,2596.16,支付已承诺材料及外协款,仅供人工查看；不得作为模型输入或导入数据库
synb1_txn_12c6057fad41304014e24c7a,2025-05-13T15:00:00,流入,2876.72,客户支付已交付订单款,仅供人工查看；不得作为模型输入或导入数据库
synb1_txn_84d4dc302a6f5015f2a843d7,2025-05-14T09:00:00,流出,4044.37,支付已承诺材料及外协款,仅供人工查看；不得作为模型输入或导入数据库
synb1_txn_d076a46ef8b9e072369507b2,2025-05-18T09:00:00,流出,41870.95,支付已承诺材料及外协款,仅供人工查看；不得作为模型输入或导入数据库
synb1_txn_c020216d4a6c9979f469b681,2025-05-19T09:00:00,流出,9323.00,缴纳模拟增值税,仅供人工查看；不得作为模型输入或导入数据库
synb1_txn_f2d73bdb19dda0c84e02316d,2025-05-19T09:00:00,流出,1118.76,缴纳附加税,仅供人工查看；不得作为模型输入或导入数据库
synb1_txn_d8dd7d020946e781e54b2bce,2025-05-19T15:00:00,流入,173836.32,客户支付已交付订单款,仅供人工查看；不得作为模型输入或导入数据库
synb1_txn_140d216fcd5c7cf859fde6e6,2025-05-20T15:00:00,流入,161472.16,客户支付已交付订单款,仅供人工查看；不得作为模型输入或导入数据库
synb1_txn_b9dbe77d29dde4cd11b8e8cd,2025-05-20T15:00:00,流入,326069.32,客户支付已交付订单款,仅供人工查看；不得作为模型输入或导入数据库
synb1_txn_7635101c2de34af96432e175,2025-05-21T09:00:00,流出,7258.84,支付经营维护费用,仅供人工查看；不得作为模型输入或导入数据库
synb1_txn_277c411f14764a0c819cab04,2025-05-21T15:00:00,流入,17671.33,客户支付已交付订单款,仅供人工查看；不得作为模型输入或导入数据库
synb1_txn_b24be734fbdf600a6ae2fcdb,2025-05-22T15:00:00,流入,98221.24,客户支付已交付订单款,仅供人工查看；不得作为模型输入或导入数据库
synb1_txn_507cbf0492a8cda476e7426c,2025-05-23T15:00:00,流入,251921.68,客户支付已交付订单款,仅供人工查看；不得作为模型输入或导入数据库
synb1_txn_b0aeeca783d7cfa31918b3c0,2025-05-28T09:00:00,流出,49788.76,支付已承诺材料及外协款,仅供人工查看；不得作为模型输入或导入数据库
synb1_txn_5f40c540bc68119a15a7e3bd,2025-05-28T15:00:00,流入,21654.01,客户支付已交付订单款,仅供人工查看；不得作为模型输入或导入数据库
synb1_txn_41ec845494ebf1a35d6ecd13,2025-06-02T09:00:00,流出,11223.40,支付经营维护费用,仅供人工查看；不得作为模型输入或导入数据库
synb1_txn_74b40aace5bc6a164e83eead,2025-06-03T15:00:00,流入,160108.10,客户支付已交付订单款,仅供人工查看；不得作为模型输入或导入数据库
synb1_txn_53bc617ece03a8439a56639f,2025-06-05T09:00:00,流出,26000.00,支付租赁及场地费用,仅供人工查看；不得作为模型输入或导入数据库
synb1_txn_f2e1e84e9a7c652f45039711,2025-06-05T15:00:00,流入,45232.55,客户支付已交付订单款,仅供人工查看；不得作为模型输入或导入数据库
synb1_txn_6f15a8e6e88230b305a70cb7,2025-06-07T09:00:00,流出,113000.00,支付当期工资,仅供人工查看；不得作为模型输入或导入数据库
synb1_txn_449b99e97c32f54ad447bd4b,2025-06-07T15:00:00,流入,42043.64,客户支付已交付订单款,仅供人工查看；不得作为模型输入或导入数据库
synb1_txn_f500eb24b59635216e3a7674,2025-06-09T09:00:00,流出,107861.88,支付已承诺材料及外协款,仅供人工查看；不得作为模型输入或导入数据库
synb1_txn_5bac98b0563f73cd67f535e0,2025-06-10T15:00:00,流入,18818.79,客户支付已交付订单款,仅供人工查看；不得作为模型输入或导入数据库
synb1_txn_7e475ce7b1cb02a6a577adb2,2025-06-11T15:00:00,流入,212949.63,客户支付已交付订单款,仅供人工查看；不得作为模型输入或导入数据库
synb1_txn_68723d0173aab63070162f62,2025-06-13T15:00:00,流入,36511.01,客户支付已交付订单款,仅供人工查看；不得作为模型输入或导入数据库
synb1_txn_478fcb8750c24a4c89641a2b,2025-06-13T15:00:00,流入,457450.50,客户支付已交付订单款,仅供人工查看；不得作为模型输入或导入数据库
synb1_txn_2bb09081b4ade5a7d0482eaf,2025-06-14T09:00:00,流出,38354.09,支付已承诺材料及外协款,仅供人工查看；不得作为模型输入或导入数据库
synb1_txn_399a2e6c2625ff91feccfce0,2025-06-15T15:00:00,流入,8780.82,客户支付已交付订单款,仅供人工查看；不得作为模型输入或导入数据库
synb1_txn_8a8a2804acd090d95fafb3f9,2025-06-17T15:00:00,流入,225637.63,客户支付已交付订单款,仅供人工查看；不得作为模型输入或导入数据库
synb1_txn_611ffc63ffb537afef92f4a8,2025-06-18T09:00:00,流出,78555.80,缴纳企业所得税,仅供人工查看；不得作为模型输入或导入数据库
synb1_txn_113fb12a857e1821fdb401ac,2025-06-18T09:00:00,流出,16161.00,缴纳模拟增值税,仅供人工查看；不得作为模型输入或导入数据库
synb1_txn_6cddb6134c88474117cb7bbf,2025-06-18T09:00:00,流出,1939.32,缴纳附加税,仅供人工查看；不得作为模型输入或导入数据库
synb1_txn_4ea9241339fe6a3b513ddcd4,2025-06-21T09:00:00,流出,166514.60,支付已承诺材料及外协款,仅供人工查看；不得作为模型输入或导入数据库
synb1_txn_d37587cb36443e9cdd15ee2e,2025-06-21T15:00:00,流入,270904.93,客户支付已交付订单款,仅供人工查看；不得作为模型输入或导入数据库
synb1_txn_96dd54381c812846cf676737,2025-06-22T15:00:00,流入,5487.70,客户支付已交付订单款,仅供人工查看；不得作为模型输入或导入数据库
synb1_txn_c3d76f84f86f6c17127e9b2b,2025-06-23T09:00:00,流出,3276.60,支付经营维护费用,仅供人工查看；不得作为模型输入或导入数据库
synb1_txn_ad8aa458e27ad8f82430a9ab,2025-06-24T09:00:00,流出,28540.62,支付已承诺材料及外协款,仅供人工查看；不得作为模型输入或导入数据库
synb1_txn_d4d3b475d7f8eaec8367d775,2025-06-25T09:00:00,流出,360751.83,支付已承诺材料及外协款,仅供人工查看；不得作为模型输入或导入数据库
synb1_txn_4e4e1b7f32ebbab4c041393e,2025-06-25T09:00:00,流出,22419.33,支付已承诺材料及外协款,仅供人工查看；不得作为模型输入或导入数据库
synb1_txn_5ea95662f37ab2c32dcd2275,2025-06-25T09:00:00,流出,295944.54,支付已承诺材料及外协款,仅供人工查看；不得作为模型输入或导入数据库
synb1_txn_6e148d2c22be9a5fe3abe460,2025-06-25T15:00:00,流入,25042.74,客户支付已交付订单款,仅供人工查看；不得作为模型输入或导入数据库
synb1_txn_9dd8c8f5e945cdaca73ed7a1,2025-06-25T15:00:00,流入,84312.42,客户支付已交付订单款,仅供人工查看；不得作为模型输入或导入数据库
synb1_txn_0abc4c897f8fee79f4302b8a,2025-06-25T15:00:00,流入,812.19,客户支付已交付订单款,仅供人工查看；不得作为模型输入或导入数据库
synb1_txn_2cb2e2e74d5e25460719d08b,2025-06-26T09:00:00,流出,44061.91,支付已承诺材料及外协款,仅供人工查看；不得作为模型输入或导入数据库
synb1_txn_1e23793cd7e633c21491c3c1,2025-06-27T15:00:00,流入,104453.82,客户支付已交付订单款,仅供人工查看；不得作为模型输入或导入数据库
synb1_txn_4eb812f6db3bf776b794e79d,2025-06-28T15:00:00,流入,12073.53,客户支付已交付订单款,仅供人工查看；不得作为模型输入或导入数据库
synb1_txn_d0d4d3eed3ea27085fdae0c1,2025-07-02T09:00:00,流出,60751.59,支付已承诺材料及外协款,仅供人工查看；不得作为模型输入或导入数据库
synb1_txn_ab49e93544f23e0eb058ac69,2025-07-04T09:00:00,流出,13013.76,支付经营维护费用,仅供人工查看；不得作为模型输入或导入数据库
synb1_txn_671ca652fc0a9ba839b9c11a,2025-07-04T09:00:00,流出,225138.51,支付已承诺材料及外协款,仅供人工查看；不得作为模型输入或导入数据库
synb1_txn_0efdd6b05fca73d7f17c3618,2025-07-04T09:00:00,流出,11216.61,支付已承诺材料及外协款,仅供人工查看；不得作为模型输入或导入数据库
synb1_txn_6776ecb04c70522300743465,2025-07-05T09:00:00,流出,26000.00,支付租赁及场地费用,仅供人工查看；不得作为模型输入或导入数据库
synb1_txn_37c1a13903b2c19ba44ed839,2025-07-05T15:00:00,流入,75578.04,客户支付已交付订单款,仅供人工查看；不得作为模型输入或导入数据库
synb1_txn_e3e3847cb833da4b7be59cab,2025-07-06T09:00:00,流出,3533.07,支付已承诺材料及外协款,仅供人工查看；不得作为模型输入或导入数据库
synb1_txn_daa22d197799bbd16fc38ec8,2025-07-07T09:00:00,流出,113000.00,支付当期工资,仅供人工查看；不得作为模型输入或导入数据库
synb1_txn_bb2704be6cc25369998be034,2025-07-07T15:00:00,流入,414012.75,客户支付已交付订单款,仅供人工查看；不得作为模型输入或导入数据库
synb1_txn_5f6d794fff0bc425a9e4e20c,2025-07-08T15:00:00,流入,277761.97,客户支付已交付订单款,仅供人工查看；不得作为模型输入或导入数据库
synb1_txn_f75fe954229a6d36a025c2c5,2025-07-10T09:00:00,流出,131602.33,支付已承诺材料及外协款,仅供人工查看；不得作为模型输入或导入数据库
synb1_txn_6ef405c5f402c1693aafb050,2025-07-10T15:00:00,流入,4113.37,客户支付已交付订单款,仅供人工查看；不得作为模型输入或导入数据库
synb1_txn_5b2c2f0f07751b2ad6319bc1,2025-07-11T15:00:00,流入,182110.09,客户支付已交付订单款,仅供人工查看；不得作为模型输入或导入数据库
synb1_txn_583887f6b1ff5b65c3162548,2025-07-11T15:00:00,流入,167960.03,客户支付已交付订单款,仅供人工查看；不得作为模型输入或导入数据库
synb1_txn_50c7dbb1ee2d1ce088572665,2025-07-13T09:00:00,流出,842.77,支付经营维护费用,仅供人工查看；不得作为模型输入或导入数据库
synb1_txn_3a84f7830003f24ed52c26a6,2025-07-13T15:00:00,流入,58394.07,客户支付已交付订单款,仅供人工查看；不得作为模型输入或导入数据库
synb1_txn_47828c1b78599a6df297aef8,2025-07-14T15:00:00,流入,15047.48,客户支付已交付订单款,仅供人工查看；不得作为模型输入或导入数据库
synb1_txn_2a6403ef41cea39a47058f10,2025-07-15T09:00:00,流出,17821.39,支付已承诺材料及外协款,仅供人工查看；不得作为模型输入或导入数据库
synb1_txn_e6e3eeb4312ab68a61386ff5,2025-07-15T09:00:00,流出,165715.86,支付已承诺材料及外协款,仅供人工查看；不得作为模型输入或导入数据库
synb1_txn_532d38d0daa663afcbb0cd71,2025-07-17T15:00:00,流入,65124.41,客户支付已交付订单款,仅供人工查看；不得作为模型输入或导入数据库
synb1_txn_e96d3ed915c82ea809ac2a7d,2025-07-18T09:00:00,流出,88252.44,缴纳企业所得税,仅供人工查看；不得作为模型输入或导入数据库
synb1_txn_139e886d46c10b2950cb6d82,2025-07-18T09:00:00,流出,17551.00,缴纳模拟增值税,仅供人工查看；不得作为模型输入或导入数据库
synb1_txn_2d612fbad27ad3dc2f99a68a,2025-07-18T09:00:00,流出,2106.12,缴纳附加税,仅供人工查看；不得作为模型输入或导入数据库
synb1_txn_f08e17686a01fac5677e0281,2025-07-18T09:00:00,流出,10169.86,支付已承诺材料及外协款,仅供人工查看；不得作为模型输入或导入数据库
synb1_txn_b4a35be2c788e35dd160fdcd,2025-07-18T15:00:00,流入,54818.99,客户支付已交付订单款,仅供人工查看；不得作为模型输入或导入数据库
synb1_txn_b353841b4c13e0cbcc0cb0d1,2025-07-18T15:00:00,流入,144883.50,客户支付已交付订单款,仅供人工查看；不得作为模型输入或导入数据库
synb1_txn_f2c0891ce446486797b638ba,2025-07-19T15:00:00,流入,7723.30,客户支付已交付订单款,仅供人工查看；不得作为模型输入或导入数据库
synb1_txn_ffa42548059079ef4f1fb4ee,2025-07-22T09:00:00,流出,66530.27,支付已承诺材料及外协款,仅供人工查看；不得作为模型输入或导入数据库
synb1_txn_e64cd18d2e908b7674dab16a,2025-07-22T09:00:00,流出,45625.25,支付已承诺材料及外协款,仅供人工查看；不得作为模型输入或导入数据库
synb1_txn_32a5c9666bdd72a43a31e021,2025-07-25T09:00:00,流出,643.47,支付经营维护费用,仅供人工查看；不得作为模型输入或导入数据库
synb1_txn_62363481586367d36f278e45,2025-07-27T09:00:00,流出,16125.91,支付已承诺材料及外协款,仅供人工查看；不得作为模型输入或导入数据库
synb1_txn_11585420c50ca2b956cc0d4c,2025-07-27T09:00:00,流出,198520.07,支付已承诺材料及外协款,仅供人工查看；不得作为模型输入或导入数据库
synb1_txn_5c6e92bd96a44d37bf0c259f,2025-08-03T09:00:00,流出,3100.33,支付已承诺材料及外协款,仅供人工查看；不得作为模型输入或导入数据库
synb1_txn_13b85be794a4cd5e46b61bfd,2025-08-04T15:00:00,流入,185762.95,客户支付已交付订单款,仅供人工查看；不得作为模型输入或导入数据库
synb1_txn_b4a7b2d7decbcc632e80d08e,2025-08-05T09:00:00,流出,26000.00,支付租赁及场地费用,仅供人工查看；不得作为模型输入或导入数据库
synb1_txn_48f2c70a66a836dd7b6ee566,2025-08-05T09:00:00,流出,8545.75,支付已承诺材料及外协款,仅供人工查看；不得作为模型输入或导入数据库
synb1_txn_7dc6489f9420f73b2121951c,2025-08-05T15:00:00,流入,16971.15,客户支付已交付订单款,仅供人工查看；不得作为模型输入或导入数据库
synb1_txn_b52cc65dd69019f8bb0a02db,2025-08-07T09:00:00,流出,113000.00,支付当期工资,仅供人工查看；不得作为模型输入或导入数据库
synb1_txn_e3c1a18e5c57f5663a6dae2d,2025-08-08T15:00:00,流入,19155.82,客户支付已交付订单款,仅供人工查看；不得作为模型输入或导入数据库
synb1_txn_a6578969576b268052c6f1ff,2025-08-09T15:00:00,流入,5014.42,客户支付已交付订单款,仅供人工查看；不得作为模型输入或导入数据库
synb1_txn_f614a4c04f8e2e1fa6382fc8,2025-08-10T09:00:00,流出,2520.64,支付已承诺材料及外协款,仅供人工查看；不得作为模型输入或导入数据库
synb1_txn_7a0dc2a9a7c69c3fe68bef0d,2025-08-10T09:00:00,流出,26255.71,支付已承诺材料及外协款,仅供人工查看；不得作为模型输入或导入数据库
synb1_txn_7c5bd08f17a8cb51e879a951,2025-08-10T15:00:00,流入,47879.28,客户支付已交付订单款,仅供人工查看；不得作为模型输入或导入数据库
synb1_txn_7b37ebd67b90f77c848240f6,2025-08-11T15:00:00,流入,48196.45,客户支付已交付订单款,仅供人工查看；不得作为模型输入或导入数据库
synb1_txn_488b9af55126b1eef923a637,2025-08-11T15:00:00,流入,5024.72,客户支付已交付订单款,仅供人工查看；不得作为模型输入或导入数据库
synb1_txn_2633e899a7bc2154a96cee41,2025-08-12T15:00:00,流入,21726.90,客户支付已交付订单款,仅供人工查看；不得作为模型输入或导入数据库
synb1_txn_2aea58eca6d6a7672ad561d0,2025-08-14T09:00:00,流出,6098.96,支付经营维护费用,仅供人工查看；不得作为模型输入或导入数据库
synb1_txn_1fa74bf0c9d33c67548b0363,2025-08-15T15:00:00,流入,116456.23,客户支付已交付订单款,仅供人工查看；不得作为模型输入或导入数据库
synb1_txn_98c92d91366f64f73acc8aec,2025-08-16T09:00:00,流出,8401.04,支付经营维护费用,仅供人工查看；不得作为模型输入或导入数据库
synb1_txn_a44bbebf2558bd72ecdeb385,2025-08-16T09:00:00,流出,2690.73,支付已承诺材料及外协款,仅供人工查看；不得作为模型输入或导入数据库
synb1_txn_339f8864956b7c0c995d1495,2025-08-18T09:00:00,流出,58750.93,缴纳企业所得税,仅供人工查看；不得作为模型输入或导入数据库
synb1_txn_5fd9f01954e65bbc38254578,2025-08-18T09:00:00,流出,13322.00,缴纳模拟增值税,仅供人工查看；不得作为模型输入或导入数据库
synb1_txn_6b05779aaf00809822409bf2,2025-08-18T09:00:00,流出,1598.64,缴纳附加税,仅供人工查看；不得作为模型输入或导入数据库
synb1_txn_ba13011ce1e5c0eb75bfd44c,2025-08-18T09:00:00,流出,45745.86,支付已承诺材料及外协款,仅供人工查看；不得作为模型输入或导入数据库
synb1_txn_2c489282709ddb968a5f5c47,2025-08-19T09:00:00,流出,163176.91,支付已承诺材料及外协款,仅供人工查看；不得作为模型输入或导入数据库
synb1_txn_fb051284b732c19c711c64aa,2025-08-22T15:00:00,流入,80110.54,客户支付已交付订单款,仅供人工查看；不得作为模型输入或导入数据库
synb1_txn_1485264463fccc82695edb57,2025-08-22T15:00:00,流入,59124.49,客户支付已交付订单款,仅供人工查看；不得作为模型输入或导入数据库
synb1_txn_45eca704e6fb13ba5ae27a8e,2025-08-23T15:00:00,流入,104901.01,客户支付已交付订单款,仅供人工查看；不得作为模型输入或导入数据库
synb1_txn_ab8cce72062faaae08229dcf,2025-08-25T09:00:00,流出,139557.24,支付已承诺材料及外协款,仅供人工查看；不得作为模型输入或导入数据库
synb1_txn_196106282ffe9e4fb7696c6b,2025-08-26T09:00:00,流出,104021.55,支付已承诺材料及外协款,仅供人工查看；不得作为模型输入或导入数据库
synb1_txn_88850e1b7980882b2dfe1855,2025-08-27T15:00:00,流入,19804.04,客户支付已交付订单款,仅供人工查看；不得作为模型输入或导入数据库
synb1_txn_c6b3b577fbfb966ed73419f3,2025-09-02T09:00:00,流出,39397.46,支付已承诺材料及外协款,仅供人工查看；不得作为模型输入或导入数据库
synb1_txn_2df5544ba56a14ec43fdd089,2025-09-03T15:00:00,流入,42916.69,客户支付已交付订单款,仅供人工查看；不得作为模型输入或导入数据库
synb1_txn_79c4910864371471dd7596a4,2025-09-05T09:00:00,流出,26000.00,支付租赁及场地费用,仅供人工查看；不得作为模型输入或导入数据库
synb1_txn_a23bea0dc3b2fa498708bc19,2025-09-06T09:00:00,流出,2605.19,支付经营维护费用,仅供人工查看；不得作为模型输入或导入数据库
synb1_txn_a1ba6f2fdf28f59273f5aef8,2025-09-07T09:00:00,流出,113000.00,支付当期工资,仅供人工查看；不得作为模型输入或导入数据库
synb1_txn_d43331a82a9dd7acee33dc20,2025-09-07T15:00:00,流入,72843.23,客户支付已交付订单款,仅供人工查看；不得作为模型输入或导入数据库
synb1_txn_855d7a1365503cc8e8097234,2025-09-10T15:00:00,流入,160077.14,客户支付已交付订单款,仅供人工查看；不得作为模型输入或导入数据库
synb1_txn_82839ccea54456b9bccaeccb,2025-09-12T15:00:00,流入,15023.73,客户支付已交付订单款,仅供人工查看；不得作为模型输入或导入数据库
synb1_txn_e375fe69c04a9aac6f762932,2025-09-12T15:00:00,流入,158915.85,客户支付已交付订单款,仅供人工查看；不得作为模型输入或导入数据库
synb1_txn_23137970e2e2e6d2d829fd48,2025-09-13T15:00:00,流入,9921.76,客户支付已交付订单款,仅供人工查看；不得作为模型输入或导入数据库
synb1_txn_6a6dcc03046e761dce7b44ce,2025-09-14T09:00:00,流出,494.40,支付经营维护费用,仅供人工查看；不得作为模型输入或导入数据库
synb1_txn_787c8a22ddb95081ff172f81,2025-09-14T15:00:00,流入,4633.11,客户支付已交付订单款,仅供人工查看；不得作为模型输入或导入数据库
synb1_txn_7de405643bd86a8d09dca1f4,2025-09-14T15:00:00,流入,16062.66,客户支付已交付订单款,仅供人工查看；不得作为模型输入或导入数据库
synb1_txn_a77814b8b399de2b79dddc9d,2025-09-16T09:00:00,流出,23143.80,支付已承诺材料及外协款,仅供人工查看；不得作为模型输入或导入数据库
synb1_txn_28fdcf0f8639a3b3bf8ff493,2025-09-16T09:00:00,流出,28596.53,支付已承诺材料及外协款,仅供人工查看；不得作为模型输入或导入数据库
synb1_txn_c9a461b43d6216a49e2acfd9,2025-09-17T09:00:00,流出,252.52,支付已承诺材料及外协款,仅供人工查看；不得作为模型输入或导入数据库
synb1_txn_750427b1ee1265a6fcd83b80,2025-09-18T09:00:00,流出,4468.00,缴纳模拟增值税,仅供人工查看；不得作为模型输入或导入数据库
synb1_txn_315cbee1c9befb625dce1061,2025-09-18T09:00:00,流出,536.16,缴纳附加税,仅供人工查看；不得作为模型输入或导入数据库
synb1_txn_98f50b889fa76840fe471ecb,2025-09-19T09:00:00,流出,24619.74,支付已承诺材料及外协款,仅供人工查看；不得作为模型输入或导入数据库
synb1_txn_90eba6bc0a402d8c6bbd51da,2025-09-19T15:00:00,流入,33998.75,客户支付已交付订单款,仅供人工查看；不得作为模型输入或导入数据库
synb1_txn_4274c08bde54cf636182637d,2025-09-20T09:00:00,流出,145414.17,支付已承诺材料及外协款,仅供人工查看；不得作为模型输入或导入数据库
synb1_txn_10a0a6d4a1493ed51ac65dde,2025-09-21T09:00:00,流出,7853.33,支付经营维护费用,仅供人工查看；不得作为模型输入或导入数据库
synb1_txn_8ce8d1ca1d817226b34261cf,2025-09-21T15:00:00,流入,14351.07,客户支付已交付订单款,仅供人工查看；不得作为模型输入或导入数据库
synb1_txn_6b439f620cc8000114051abe,2025-09-21T15:00:00,流入,60590.26,客户支付已交付订单款,仅供人工查看；不得作为模型输入或导入数据库
synb1_txn_30fddb64f7e73dba9ee59da7,2025-09-21T15:00:00,流入,59031.39,客户支付已交付订单款,仅供人工查看；不得作为模型输入或导入数据库
synb1_txn_ccc05d76306eee729eeb2194,2025-09-22T09:00:00,流出,64092.44,支付已承诺材料及外协款,仅供人工查看；不得作为模型输入或导入数据库
synb1_txn_8f18cd8d9995c5832d553a71,2025-09-23T09:00:00,流出,3435.79,支付经营维护费用,仅供人工查看；不得作为模型输入或导入数据库
synb1_txn_3d2384960f60d56cda35600e,2025-09-23T09:00:00,流出,111.29,支付经营维护费用,仅供人工查看；不得作为模型输入或导入数据库
synb1_txn_0c30eca15081e4a6c2b9ae91,2025-09-23T15:00:00,流入,5866.90,客户支付已交付订单款,仅供人工查看；不得作为模型输入或导入数据库
synb1_txn_c7732eb5318218cd422e46f7,2025-09-24T09:00:00,流出,14734.69,支付已承诺材料及外协款,仅供人工查看；不得作为模型输入或导入数据库
synb1_txn_99644e42ad85e8d6f3d0b563,2025-09-24T09:00:00,流出,34147.83,支付已承诺材料及外协款,仅供人工查看；不得作为模型输入或导入数据库
synb1_txn_b409dd50e736ad154c53e8cd,2025-09-24T15:00:00,流入,1624.16,客户支付已交付订单款,仅供人工查看；不得作为模型输入或导入数据库
synb1_txn_a0e2475ca604ef12f57e49d9,2025-09-26T09:00:00,流出,4926.87,支付已承诺材料及外协款,仅供人工查看；不得作为模型输入或导入数据库
synb1_txn_cc519c89dfb33259c273a7e1,2025-09-26T15:00:00,流入,38442.82,客户支付已交付订单款,仅供人工查看；不得作为模型输入或导入数据库
synb1_txn_5130743db1dda4594d2e065f,2025-09-27T09:00:00,流出,112540.19,支付已承诺材料及外协款,仅供人工查看；不得作为模型输入或导入数据库
synb1_txn_29695b9e68443fc8dda5249f,2025-09-28T15:00:00,流入,99776.48,客户支付已交付订单款,仅供人工查看；不得作为模型输入或导入数据库
synb1_txn_1ca31e8bca2e3d16dc53f797,2025-10-02T09:00:00,流出,101875.32,支付已承诺材料及外协款,仅供人工查看；不得作为模型输入或导入数据库
synb1_txn_9c2dfbe2e53f2f3b00c72c6f,2025-10-02T09:00:00,流出,25744.56,支付已承诺材料及外协款,仅供人工查看；不得作为模型输入或导入数据库
synb1_txn_6e83445680f158328aa4c2bb,2025-10-03T09:00:00,流出,188081.36,支付已承诺材料及外协款,仅供人工查看；不得作为模型输入或导入数据库
synb1_txn_fd14837ac0c61de68790377c,2025-10-04T09:00:00,流出,849.24,支付已承诺材料及外协款,仅供人工查看；不得作为模型输入或导入数据库
synb1_txn_96feee10f3fb73d420a1c2f2,2025-10-04T15:00:00,流入,13361.53,客户支付已交付订单款,仅供人工查看；不得作为模型输入或导入数据库
synb1_txn_5da682a29f25f0e595b1efa2,2025-10-05T09:00:00,流出,26000.00,支付租赁及场地费用,仅供人工查看；不得作为模型输入或导入数据库
synb1_txn_d43ce5db21ea491f8d87b26a,2025-10-05T15:00:00,流入,82329.48,客户支付已交付订单款,仅供人工查看；不得作为模型输入或导入数据库
synb1_txn_9c01df5f83cc13fd7f9e15d9,2025-10-05T15:00:00,流入,47822.63,客户支付已交付订单款,仅供人工查看；不得作为模型输入或导入数据库
synb1_txn_ac4cdedc85f292f82eb0b60a,2025-10-06T15:00:00,流入,7797.89,客户支付已交付订单款,仅供人工查看；不得作为模型输入或导入数据库
synb1_txn_6ad9e748cf4a005dcda3fab7,2025-10-07T09:00:00,流出,113000.00,支付当期工资,仅供人工查看；不得作为模型输入或导入数据库
synb1_txn_8d13eb503939afafddfca0a4,2025-10-08T09:00:00,流出,13400.41,支付已承诺材料及外协款,仅供人工查看；不得作为模型输入或导入数据库
synb1_txn_3a3f0917cccf687342c86f00,2025-10-08T09:00:00,流出,35029.42,支付已承诺材料及外协款,仅供人工查看；不得作为模型输入或导入数据库
synb1_txn_33b63340e6eb729300633a84,2025-10-10T15:00:00,流入,31322.19,客户支付已交付订单款,仅供人工查看；不得作为模型输入或导入数据库
synb1_txn_717249e11daff5acd8105d24,2025-10-11T09:00:00,流出,7970.04,支付经营维护费用,仅供人工查看；不得作为模型输入或导入数据库
synb1_txn_c9d36e3c17d238fd5ebfcac1,2025-10-12T15:00:00,流入,51024.62,客户支付已交付订单款,仅供人工查看；不得作为模型输入或导入数据库
synb1_txn_356fea629a2e7716ab48798f,2025-10-13T09:00:00,流出,24221.66,支付已承诺材料及外协款,仅供人工查看；不得作为模型输入或导入数据库
synb1_txn_338c801411db2f4886b9a53b,2025-10-13T09:00:00,流出,29857.25,支付已承诺材料及外协款,仅供人工查看；不得作为模型输入或导入数据库
synb1_txn_f3a4da745d46cebe9aec9c65,2025-10-14T15:00:00,流入,125018.47,客户支付已交付订单款,仅供人工查看；不得作为模型输入或导入数据库
synb1_txn_136137e3aae9bea74626bb16,2025-10-15T15:00:00,流入,56096.44,客户支付已交付订单款,仅供人工查看；不得作为模型输入或导入数据库
synb1_txn_9032359e8ad8527c6932b9d3,2025-10-16T15:00:00,流入,47670.34,客户支付已交付订单款,仅供人工查看；不得作为模型输入或导入数据库
synb1_txn_ab8c809cc66bddc96b975066,2025-10-19T15:00:00,流入,7931.81,客户支付已交付订单款,仅供人工查看；不得作为模型输入或导入数据库
synb1_txn_9c3aec144a5354e18ec00d1a,2025-10-20T09:00:00,流出,32611.86,缴纳企业所得税,仅供人工查看；不得作为模型输入或导入数据库
synb1_txn_aec88ce79fd468a2660905e1,2025-10-20T09:00:00,流出,9575.00,缴纳模拟增值税,仅供人工查看；不得作为模型输入或导入数据库
synb1_txn_ed1fb388b21c10ab6b76fb0e,2025-10-20T09:00:00,流出,1149.00,缴纳附加税,仅供人工查看；不得作为模型输入或导入数据库
synb1_txn_d6492e5e09584eb8d521a63e,2025-10-20T15:00:00,流入,62287.29,客户支付已交付订单款,仅供人工查看；不得作为模型输入或导入数据库
synb1_txn_5eff719c88bc34cd01bf941c,2025-10-20T15:00:00,流入,13170.86,客户支付已交付订单款,仅供人工查看；不得作为模型输入或导入数据库
synb1_txn_f3dc09b0b8436a2e57398449,2025-10-20T15:00:00,流入,187271.99,客户支付已交付订单款,仅供人工查看；不得作为模型输入或导入数据库
synb1_txn_98b63bd0865a132c157d9e5b,2025-10-21T09:00:00,流出,6529.96,支付经营维护费用,仅供人工查看；不得作为模型输入或导入数据库
synb1_txn_de6f1bfa859ea5cfa23db164,2025-10-23T09:00:00,流出,30787.56,支付已承诺材料及外协款,仅供人工查看；不得作为模型输入或导入数据库
synb1_txn_e1ff9201678ab8d41ef37211,2025-10-23T09:00:00,流出,83280.90,支付已承诺材料及外协款,仅供人工查看；不得作为模型输入或导入数据库
synb1_txn_e3bed79ebcbe6d28dce1fe0b,2025-10-24T15:00:00,流入,89957.09,客户支付已交付订单款,仅供人工查看；不得作为模型输入或导入数据库
synb1_txn_18e7383a2176a614e5f9623b,2025-10-27T15:00:00,流入,69.37,客户支付已交付订单款,仅供人工查看；不得作为模型输入或导入数据库
synb1_txn_6c86d1db4503c6cd42cdd83a,2025-11-03T15:00:00,流入,21068.00,客户支付已交付订单款,仅供人工查看；不得作为模型输入或导入数据库
synb1_txn_94c15a80029a9c659a5b05c7,2025-11-03T15:00:00,流入,1303.85,客户支付已交付订单款,仅供人工查看；不得作为模型输入或导入数据库
synb1_txn_0270dff56eefe6be2023178d,2025-11-04T15:00:00,流入,1545.91,客户支付已交付订单款,仅供人工查看；不得作为模型输入或导入数据库
synb1_txn_e33e9f512691e6296ef6954b,2025-11-05T09:00:00,流出,1851.09,支付经营维护费用,仅供人工查看；不得作为模型输入或导入数据库
synb1_txn_244d41026202de4147815d02,2025-11-05T09:00:00,流出,26000.00,支付租赁及场地费用,仅供人工查看；不得作为模型输入或导入数据库
synb1_txn_1c9432b3f306430c903ee6ca,2025-11-06T09:00:00,流出,277600.67,支付已承诺材料及外协款,仅供人工查看；不得作为模型输入或导入数据库
synb1_txn_ae540db88f03161e127c550d,2025-11-06T15:00:00,流入,176263.80,客户支付已交付订单款,仅供人工查看；不得作为模型输入或导入数据库
synb1_txn_4188d6f2745c696f8c61fa31,2025-11-07T09:00:00,流出,113000.00,支付当期工资,仅供人工查看；不得作为模型输入或导入数据库
synb1_txn_3464b77886df1af66d6e81a1,2025-11-07T09:00:00,流出,9840.61,支付已承诺材料及外协款,仅供人工查看；不得作为模型输入或导入数据库
synb1_txn_08dbc4754f170c1061c8f332,2025-11-08T15:00:00,流入,26653.47,客户支付已交付订单款,仅供人工查看；不得作为模型输入或导入数据库
synb1_txn_b723f5f1f8791da5605992ce,2025-11-09T15:00:00,流入,26513.56,客户支付已交付订单款,仅供人工查看；不得作为模型输入或导入数据库
synb1_txn_5c7bf08cdbe33ce19c410a52,2025-11-11T15:00:00,流入,149245.24,客户支付已交付订单款,仅供人工查看；不得作为模型输入或导入数据库
synb1_txn_bb58954283d93bf80b6e7541,2025-11-12T09:00:00,流出,94534.29,支付已承诺材料及外协款,仅供人工查看；不得作为模型输入或导入数据库
synb1_txn_1d2d8f56928f72166924b39a,2025-11-15T09:00:00,流出,12648.91,支付经营维护费用,仅供人工查看；不得作为模型输入或导入数据库
synb1_txn_318e3d8bb07e9404d6244ff8,2025-11-15T15:00:00,流入,2879.56,客户支付已交付订单款,仅供人工查看；不得作为模型输入或导入数据库
synb1_txn_a9d5e27d5d7b134c581e5fab,2025-11-16T15:00:00,流入,15170.44,客户支付已交付订单款,仅供人工查看；不得作为模型输入或导入数据库
synb1_txn_f96b5f47779061f6f1abf278,2025-11-18T09:00:00,流出,18827.29,缴纳企业所得税,仅供人工查看；不得作为模型输入或导入数据库
synb1_txn_9ef08ae7a3f729bf8496a79d,2025-11-18T09:00:00,流出,7599.00,缴纳模拟增值税,仅供人工查看；不得作为模型输入或导入数据库
synb1_txn_1e68cd932744dae124f4f15b,2025-11-18T09:00:00,流出,911.88,缴纳附加税,仅供人工查看；不得作为模型输入或导入数据库
synb1_txn_6c9ef2cfdd7adcb3b8744268,2025-11-18T15:00:00,流入,116135.20,客户支付已交付订单款,仅供人工查看；不得作为模型输入或导入数据库
synb1_txn_9d67666245ae45140b73efd6,2025-11-19T09:00:00,流出,25591.01,支付已承诺材料及外协款,仅供人工查看；不得作为模型输入或导入数据库
synb1_txn_8cffe777a1b3eefc4a419407,2025-11-19T15:00:00,流入,185924.23,客户支付已交付订单款,仅供人工查看；不得作为模型输入或导入数据库
synb1_txn_0340463d6d5b91c7c18ee3d7,2025-11-20T15:00:00,流入,5236.74,客户支付已交付订单款,仅供人工查看；不得作为模型输入或导入数据库
synb1_txn_64a924c3104be4fc95de689b,2025-11-25T09:00:00,流出,38765.46,支付已承诺材料及外协款,仅供人工查看；不得作为模型输入或导入数据库
synb1_txn_ba92883c90cd36ce6f1d53aa,2025-11-28T09:00:00,流出,21053.56,支付已承诺材料及外协款,仅供人工查看；不得作为模型输入或导入数据库
synb1_txn_1d55a7192cbf620f39617de7,2025-12-03T09:00:00,流出,8534.19,支付经营维护费用,仅供人工查看；不得作为模型输入或导入数据库
synb1_txn_3d04946084f90d5c52046f42,2025-12-03T15:00:00,流入,96190.40,客户支付已交付订单款,仅供人工查看；不得作为模型输入或导入数据库
synb1_txn_4fd472931a174dd4a79fcccf,2025-12-05T09:00:00,流出,26000.00,支付租赁及场地费用,仅供人工查看；不得作为模型输入或导入数据库
synb1_txn_b3884e90db47334abb96ad4c,2025-12-07T09:00:00,流出,113000.00,支付当期工资,仅供人工查看；不得作为模型输入或导入数据库
synb1_txn_c88670caf8c8a0e68b8aaf31,2025-12-07T15:00:00,流入,6879.04,客户支付已交付订单款,仅供人工查看；不得作为模型输入或导入数据库
synb1_txn_080e8d8c7a6c4f58f605339f,2025-12-09T15:00:00,流入,61161.68,客户支付已交付订单款,仅供人工查看；不得作为模型输入或导入数据库
synb1_txn_e4cfe6334ca637e34496b60d,2025-12-12T09:00:00,流出,3338.68,支付经营维护费用,仅供人工查看；不得作为模型输入或导入数据库
synb1_txn_305f24de7fed31cb1748dd25,2025-12-15T09:00:00,流出,1180.71,支付经营维护费用,仅供人工查看；不得作为模型输入或导入数据库
synb1_txn_c6fb6bed5f52ad2651b89f50,2025-12-16T15:00:00,流入,35603.47,客户支付已交付订单款,仅供人工查看；不得作为模型输入或导入数据库
synb1_txn_3572ee70068dea1af54bfc99,2025-12-18T09:00:00,流出,15548.57,缴纳企业所得税,仅供人工查看；不得作为模型输入或导入数据库
synb1_txn_e6c6ee88fba851d497718aa6,2025-12-18T09:00:00,流出,7129.00,缴纳模拟增值税,仅供人工查看；不得作为模型输入或导入数据库
synb1_txn_fdc569113f5ce4fdb6dd0fd2,2025-12-18T09:00:00,流出,855.48,缴纳附加税,仅供人工查看；不得作为模型输入或导入数据库
synb1_txn_9b161fe2a24798cff289cece,2025-12-18T09:00:00,流出,8150.75,支付已承诺材料及外协款,仅供人工查看；不得作为模型输入或导入数据库
synb1_txn_a5fe1f5597f82ca4a1cb15f5,2025-12-18T15:00:00,流入,10.20,客户支付已交付订单款,仅供人工查看；不得作为模型输入或导入数据库
synb1_txn_bb1f6d266ff8e6402bccda3d,2025-12-18T15:00:00,流入,213383.16,客户支付已交付订单款,仅供人工查看；不得作为模型输入或导入数据库
synb1_txn_643ed44630bbb36b932aaa76,2025-12-19T09:00:00,流出,1446.42,支付经营维护费用,仅供人工查看；不得作为模型输入或导入数据库
synb1_txn_6cd6c36e11aeff39d52f904e,2025-12-19T15:00:00,流入,99896.57,客户支付已交付订单款,仅供人工查看；不得作为模型输入或导入数据库
synb1_txn_0be57ed239fd74ca931ff6ff,2025-12-20T09:00:00,流出,76605.56,支付已承诺材料及外协款,仅供人工查看；不得作为模型输入或导入数据库
synb1_txn_42cb0ee74b982da3b6d1e21b,2025-12-21T15:00:00,流入,49050.21,客户支付已交付订单款,仅供人工查看；不得作为模型输入或导入数据库
synb1_txn_686a831c4aaecbec839c18aa,2025-12-23T15:00:00,流入,384785.00,客户支付已交付订单款,仅供人工查看；不得作为模型输入或导入数据库
synb1_txn_93cbe6b464d22445b1583782,2025-12-24T09:00:00,流出,131878.35,支付已承诺材料及外协款,仅供人工查看；不得作为模型输入或导入数据库
synb1_txn_03e3ef1499f52721926879ba,2025-12-24T15:00:00,流入,5299.91,客户支付已交付订单款,仅供人工查看；不得作为模型输入或导入数据库
synb1_txn_fc16adfe9fb0c1e5f5de73ea,2025-12-24T15:00:00,流入,2294.14,客户支付已交付订单款,仅供人工查看；不得作为模型输入或导入数据库
synb1_txn_29d83537cbd3a0e6c14446ee,2025-12-25T15:00:00,流入,962.68,客户支付已交付订单款,仅供人工查看；不得作为模型输入或导入数据库
synb1_txn_1cfa1b045ef9ac9decb64253,2025-12-26T09:00:00,流出,312416.66,支付已承诺材料及外协款,仅供人工查看；不得作为模型输入或导入数据库
synb1_txn_43e2eda3a327b901af79675c,2025-12-26T15:00:00,流入,55201.09,客户支付已交付订单款,仅供人工查看；不得作为模型输入或导入数据库
synb1_txn_7bc06f90ab41617d51b7f5cd,2025-12-27T09:00:00,流出,36936.37,支付已承诺材料及外协款,仅供人工查看；不得作为模型输入或导入数据库
synb1_txn_16cb47157615a4e20ebe4f32,2025-12-27T09:00:00,流出,77715.99,支付已承诺材料及外协款,仅供人工查看；不得作为模型输入或导入数据库
synb1_txn_f19fe30e2d69a366925f2c58,2025-12-28T15:00:00,流入,18314.45,客户支付已交付订单款,仅供人工查看；不得作为模型输入或导入数据库
